이름,한자명,영문명칭,음/양력,생년월일,정당명,선거구,재선,당선,성별,전화번호,사무실 호실,이메일,홈페이지,보좌관,비서관,비서
김민석,金民錫,KIM MINSEOK,음,1964-05-29,더불어민주당,서울 영등포구을,3선,"제15대, 제16대, 제21대",남,02-784-2390,의원회관 506호,newkms2030@gmail.com,http://kms2030.kr,"감동은, 변정화","김민철, 장명희","이은혜, 김신명, 이진주, 김미혜, 강민구"
이영,李永,LEE YOUNG,음,1969-06-06,국민의힘,비례대표,초선,제21대,여,02-784-2174,의원회관 337호,futurekorea20@naver.com,http://blog.naver.com/futurekorea20,"권오훈, 이종태","손성민, 이혜인","이승민, 김학구, 전효수, 김영성, 홍수현"
김웅,金雄,KIM WOONG,음,1970-05-05,국민의힘,서울 송파구갑,초선,제21대,남,02-784-6084,의원회관 329호,songpawoong@naver.com,http://blog.naver.com/songpawoong,"지욱현, 현경주","박두리, 박정준","심지은, 김수한, 심윤아, 허철준, 나태선"
이용호,李容鎬,LEE YONGHO,음,1960-03-20,무소속,전북 남원시임실군순창군,재선,"제20대, 제21대",남,02-784-2570,의원회관 518호,614lyh@naver.com,http://blog.naver.com/614lyh,"양준호, 오진웅","강채영, 복일기, 이정훈","안은경, 김두희, 박진형, 안수연"
김두관,金斗官,KIM DUKWAN,음,1959-04-10,더불어민주당,경남 양산시을,재선,"제20대, 제21대",남,02-784-2566,의원회관 919호,okdkkorea@gmail.com,http://www.okdk.kr,"임근재, 홍준일","박찬규, 유승준","김경원, 구수민, 김다희, 조유천"
유기홍,柳基洪,YOO KIHONG,음,1958-06-11,더불어민주당,서울 관악구갑,3선,"제17대, 제19대, 제21대",남,02-784-7901,의원회관 1001호,yookihong1001@gmail.com,https://blog.naver.com/youngkor,전성원,"김현호, 이민희","송정아, 윤성준, 김수연, 박유림, 김효민"
용혜인,龍慧仁,YONG HYEIN,음,1990-04-12,기본소득당,비례대표,초선,제21대,여,02-784-3063,의원회관 541호,hello@yonghyein.kr,https://yonghyein.kr,"장흥배, 최승현","오준호, 이혜정","최기원, 신민주, 금동운, 오가현, 김준호"
오영훈,吳怜勳,OH YOUNGHUN,음,1968-12-14,더불어민주당,제주 제주시을,재선,"제20대, 제21대",남,02-784-5621,의원회관 731호,,,"이민언, 정원태","박병준, 이영민","오승훈, 김성빈, 김창용, 김기환, 김유라, 최유진"
이달곤,李達坤,LEE DALGON,음,1953-09-11,국민의힘,경남 창원시진해구,재선,"제18대, 제21대",남,02-784-6264~6,의원회관 616호,dalgon@na.go.kr,http://band.us/@dalgon,"안소동, 최장호","이종명, 이찬영","김성한, 윤영일, 윤희진, 유주형, 박도연"
윤재갑,尹才鉀,YOON JAEKAB,음,1955-02-10,더불어민주당,전남 해남군완도군진도군,초선,제21대,남,02-784-1460,의원회관 542호,yoonjg542@naver.com,https://url.kr/iNsVb4,"경성석, 이인구","이경식, 임현우","금용석, 홍형주, 노수균, 이우형, 황선희"
김영배,金永培,KIM YOUNGBAE,양,1967-03-08,더불어민주당,서울 성북구갑,초선,제21대,남,02-784-1521,의원회관 627호,yb7841521@gmail.com ,https://blog.naver.com/clubyb,"김준호, 이윤희","구연경, 목소영","공웅재, 노성민, 김태식, 김남균, 김수연"
정필모,鄭必模,JUNG PILMO,음,1958-06-03,더불어민주당,비례대표,초선,제21대,남,02-784-6355,의원회관 537호,pmjung537@gmail.com,http://blog.naver.com/pmjung58,"박철민, 이수남","원종현, 정인미","김진겸, 오선혜, 연강성, 박주희, 전성하"
권칠승,權七勝,KWON CHILSEUNG,음,1965-11-18,더불어민주당,경기 화성시병,재선,"제20대, 제21대",남,02-784-1250,의원회관 325호,,http://blog.naver.com/k7wins,"이상헌, 정명근, 정천호","이소영, 현다민","신전학, 이우연, 김정현, 이원준, 김나경"
전재수,田載秀,CHUN JAESOO,음,1971-04-20,더불어민주당,부산 북구강서구갑,재선,"제20대, 제21대",남,02-784-7431,의원회관 613호,613jjs@gmail.com,,"선용규, 최지훈","박영주, 정주영","김소연, 배꽃나라, 정진영, 이선규, 김태영"
배현진,裵賢鎭,BAE HYUNJIN,음,1983-11-06,국민의힘,서울 송파구을,초선,제21대,여,02-784-2062,의원회관 1015호,,http://blog.naver.com/trustbhj,"강감창, 나경범","양재유, 유지민","정은경, 김신현, 김지선, 김선웅, 김하은"
이정문,李楨文,LEE JUNGMUN,음,1973-01-05,더불어민주당,충남 천안시병,초선,제21대,남,02-784-2350,의원회관 935호,ljm935@na.go.kr,https://blog.naver.com/jongmunlee415,"박종갑, 조기호","박경이, 박현식","김요한, 권혁중, 김혜수, 정민경, 전정화"
박영순,朴英淳,PARK YOUNGSOON,음,1964-12-07,더불어민주당,대전 대덕구,초선,제21대,남,02-784-2066,의원회관 430호,pys6427@naver.com,http://blog.naver.com/ysb3860,"서영완, 정동규","이태주, 최은희","최계영, 박종원, 서은정, 오해인, 김지인"
장혜영,張惠英,JANG HYEYOUNG,음,1987-04-08,정의당,비례대표,초선,제21대,여,02-784-1845(의원회관516호),의원회관 516호,janghyeyeong21@gmail.com,http://janghyeyeong.com,"김진욱, 박종현","신동승, 조현수","김다정, 김현숙, 유완선, 방예진, 장태린"
장경태,張耿態,JANG KYUNGTAE,음,1983-10-12,더불어민주당,서울 동대문구을,초선,제21대,남,02-784-3106,의원회관 1005호,letskt2020@gmail.com,http://blog.naver.com/jktkt,"박지만, 오형범","김상혁, 임채혁","김태우, 변아영, 오정훈, 이혜원, 조성룡"
전용기,田溶冀,JEON YONGGI,음,1991-10-26,더불어민주당,비례대표,초선,제21대,남,02-784-2843,의원회관 1023호,braveplane@gmail.com,https://blog.naver.com/braveplane91,"오경환, 허용",두경서,"김영훈, 조유리, 김성수, 한재호"
엄태영,嚴泰永,EOM TAEYOUNG,양,1958-01-22,국민의힘,충북 제천시단양군,초선,제21대,남,02-6788-6756~9,의원회관 821호,2040jd@gmail.com,https://blog.naver.com/ty2394,"김형진, 윤홍창","염성관, 윤경순","이정수, 안병욱, 서보영, 김진우, 권영희"
신정훈,辛正勳,SHIN JEONGHOON,음,1964-12-06,더불어민주당,전남 나주시화순군,재선,"제19대, 제21대",남,02-784-4277,의원회관 547호,,https://blog.naver.com/newnaju21,김용석,"배혜진, 이재태","최태강, 전승현, 노미선, 박성태, 최휘정"
김용민,金容民,KIM YONGMIN,음,1976-06-05,더불어민주당,경기 남양주시병,초선,제21대,남,02-784-1530,의원회관 902호,fopeopler76@gmail.com,http://blog.naver.com/fopeopler,"강성유, 곽상민","박준수, 백태양","백운화, 김태헌, 정재현, 선혜지, 박시연"
이규민,李圭閔,LEE KYUMIN,음,1968-05-10,더불어민주당,경기 안성시,초선,제21대,남,02-784-3770,의원회관 334호,2003415@naver.com,https://www.facebook.com/kyumin.lee.12,"이달호, 황윤희","송재선, 이성용","최승혁, 이진원, 한종문, 김정원, 윤소정"
조오섭,曺五燮,JO OSEOP,양,1968-07-19,더불어민주당,광주 북구갑,초선,제21대,남,02-784-8191~3,의원회관 638호,hana-king@hanmail.net,https://blog.naver.com/hana-king,"김영삼, 김형환","최민, 홍돈석","김성환, 신정훈, 이명원, 정슬기, 정은지"
강훈식,姜勳植,KANG HOONSIK,음,1973-10-24,더불어민주당,충남 아산시을,재선,"제20대, 제21대",남,02-784-1045~1047,의원회관 722호,gohoonsik@gmail.com,http://blog.naver.com/kanghunsik,"신재동, 조재순","김영호, 신현식","윤재광, 정언주, 안재민, 김미성, 남혜민"
서범수,徐範洙,SUH BUMSOO,음,1963-09-17,국민의힘,울산 울주군,초선,제21대,남,02-784-6277,의원회관 617호,bumsoo917@naver.com,,"윤치업, 정재원","차상윤, 최인식","정한빈, 장경희, 변재윤, 김민진, 차보경"
최승재,崔承宰,CHOI SEUNGJAE,음,1967-07-11,국민의힘,비례대표,초선,제21대,남,02-784-6730,의원회관 830호,joynet4321@gmail.com,https://blog.naver.com/joynet1234,"김준철, 최호종",박진석,"이윤정, 최이석, 김선태, 이재성, 백은총"
임종성,林鍾聲,LIM JONGSEONG,음,1965-08-05,더불어민주당,경기 광주시을,재선,"제20대, 제21대",남,02-784-8380,의원회관 845호,5321tempia@hanmail.net,http://blog.naver.com/ijs5321,"안영은, 전우선","설동찬, 이두섭","송경하, 황다경, 임기택, 김현주, 이주란, 천정우, 최예린"
위성곤,魏聖坤,WI SEONGGON,음,1968-01-20,더불어민주당,제주 서귀포시,재선,"제20대, 제21대",남,02-784-6450,의원회관 717호,wishjeju@hanmail.net,,"신연석, 이창민","이준석, 한희석","이경태, 박성준, 강누리, 박현주"
전주혜,全珠惠,JUN JOOHYAE,음,1966-07-15,국민의힘,비례대표,초선,제21대,여,02-784-9340,의원회관 827호,jhjoy827@naver.com,https://blog.naver.com/jhjoy827,"박영미, 박종진","김태현, 최원혁","정성안, 김지선, 김민태, 이휘윤, 유민선"
류호정,柳好貞,RYU HOJEONG,음,1992-08-09,정의당,비례대표,초선,제21대,여,02-784-9740,의원회관 513호,help@ryuhojeong.com,http://ryuhojeong.com,"양호영, 염종운","최강연, 황윤영","이지은, 김유라, 임동준, 손예지, 김유일"
홍성국,洪性國,HONG SUNGKOOK,양,1963-02-24,더불어민주당,세종특별자치시갑,초선,제21대,남,02-784-2820~2,의원회관 419호,sejonghsk@gmail.com,https://blog.naver.com/hong2240,"임현종, 홍순식","김춘식, 이지형","강소임, 이창규, 김현수, 유새롬, 최민석"
태영호,太永浩,TAE YONGHO,음,1962-07-25,국민의힘,서울 강남구갑,초선,제21대,남,02-784-4467,의원회관 909호,onekorea2025@gmail.com,https://wwwyoutube.com/태영호tv,"강을석, 원우혁","김인성, 신대경","양우성, 권민진, 윤선영, 이지민, 이동규"
서영석,徐暎錫,SEO YOUNGSEOK,양,1964-09-16,더불어민주당,경기 부천시정,초선,제21대,남,02-784-9671,의원회관 645호,guseng@hanmail.net,http://blog.naver.com/guseng,"김형준, 이협","유경현, 최형규","김춘성, 김경문, 김민지, 박유빈, 이시현"
소병훈,蘇秉勳,SO BYUNGHOON,음,1954-06-03,더불어민주당,경기 광주시갑,재선,"제20대, 제21대",남,02-784-5020,의원회관 848호,sotong848@daum.net,http://blog.naver.com/sotongsa,"박정선, 황길선","김민준, 소준원","이용준, 김성래, 이지나, 이유진, 이세라"
정일영,鄭日永,CHUNG ILYOUNG,양,1957-08-14,더불어민주당,인천 연수구을,초선,제21대,남,02-784-6651,의원회관 540호,ilyeong4037871@gmail.com,http://blog.naver.com/chung10park,"윤영표, 정종석","강지은, 김경선","채수용, 고지혜, 김준희, 문미주, 서윤아"
김영호,金映豪,KIM YOUNGHO,음,1967-09-13,더불어민주당,서울 서대문구을,재선,"제20대, 제21대",남,02-784-4020~2,의원회관 445호,kim-youngho@naver.com,https://blog.naver.com/frencisco,"김병운, 윤여길","김양훈, 한유진","강병정, 이로운, 김대훈, 김나래, 신윤정"
변재일,卞在一,BYUN JAEILL,양,1948-09-02,더불어민주당,충북 청주시청원구,5선,"제17대, 제18대, 제19대, 제20대, 제21대",남,02-784-1626,의원회관 701호,bji@assembly.go.kr,http://blog.naver.com/open1197news,신동주,"김승태, 김주희","이수현, 유연성, 김경미, 이선정, 정재우"
심상정,沈相정,SIM SANGJEUNG,음,1959-02-20,정의당,경기 고양시갑,4선,"제17대, 제19대, 제20대, 제21대",여,02-784-9530,의원회관 743호,713sim@naver.com,https://blog.naver.com/713sim,"류성재, 박정훈","김혜련, 이종훈","박성일, 최윤석, 장명진, 최경희, 황혜준"
윤주경,尹柱卿,YUN JUKEYNG,음,1959-05-03,국민의힘,비례대표,초선,제21대,여,02-784-7057,의원회관 828호,bela0524@naver.com,,"박장혁, 임지홍","김민정, 서우태","손선엽, 홍유정, 이일배, 권용태, 김현지"
이동주,李東洲,LEE DONGJU,음,1972-09-04,더불어민주당,비례대표,초선,제21대,남,02-784-9761~3,의원회관 933호,fairness933@gmail.com,,"서경옥, 송용한","이기정, 최지용","이채영, 조현진, 한민금, 나선영, 윤기연"
노웅래,盧雄來,NOH WOONGRAE,양,1957-08-03,더불어민주당,서울 마포구갑,4선,"제17대, 제19대, 제20대, 제21대",남,02-6788-6386,의원회관 901호,wraenoh1@gmail.com,https://blog.naver.com/with_wraenoh,"김성열, 최상용","박현식, 유근정","고찬양, 박수철, 정주미, 김현지, 박건영"
지성호,地成浩,JI SEONGHO,음,1982-04-03,국민의힘,비례대표,초선,제21대,남,02-784-5270,의원회관 620호,mokbal2006@naver.com,https://blog.naver.com/mokbal2006,"강태용, 이진혁","김건우, 김효준","박영철, 주은주, 김지선, 배지환, 정우경"
김승수,金承洙,KIM SEUNGSU,음,1965-07-05,국민의힘,대구 북구을,초선,제21대,남,02-784-9518,의원회관 711호,kiminnotank@naver.com,https://blog.naver.com/kiminnotank,"김철현, 우기송","강경민, 김준호","권순민, 김덕화, 신우현, 손다영, 소은진"
최강욱,崔康旭,CHOE KANGWOOK,음,1968-05-05,열린민주당,비례대표,초선,제21대,남,02-784-9640,의원회관 420호,assembly420@gmail.com,http://www.facebook.com/choe420,"김정선, 유능한","백민, 신정아","최원명, 구승모, 주원, 양승권, 이혜연"
이성만,李成萬,LEE SUNGMAN,음,1961-11-04,더불어민주당,인천 부평구갑,초선,제21대,남,02-784-6090,의원회관 532호,giant.smlee@gmail.com,http://smlee6409.blog.me,"김왕태, 김주호","노현진, 이종찬","김남균, 이슬아, 김민수, 손유민, 박세원"
강선우,姜仙祐,KANG SUNWOO,음,1978-06-02,더불어민주당,서울 강서구갑,초선,제21대,여,02-784-5761~3,의원회관 738호,gangseo.kap@gmail.com,http://blog.naver.com/gangseo-kap,"남경수, 송시현","김수상, 김연주","강연수, 손여정, 이영규, 이동수, 구재연"
윤두현,尹斗鉉,YOON DOOHYUN,양,1961-05-12,국민의힘,경북 경산시,초선,제21대,남,02-784-5281,의원회관 602호,gyeongsan.love@gmail.com,http://blog.naver.com/yoondhno1,"박원진, 이희동",이승직,"이상원, 전경진, 양혜나, 장진영, 이선아"
김성주,金成柱,KIM SUNGJOO,음,1964-04-10,더불어민주당,전북 전주시병,재선,"제19대, 제21대",남,02-784-7380~2,의원회관 637호,ksjwithjj@naver.com,http://blog.naver.com/ksjwithjj,"김민식, 김종우","김은애, 박충훈","박승하, 박인수, 송도희, 박순후"
서병수,徐秉洙,SUH BYUNGSOO,양,1952-01-09,국민의힘,부산 부산진구갑,5선,"제16대, 제17대, 제18대, 제19대, 제21대",남,02-784-1885,의원회관 552호,suhbs8680@naver.com,,"김성수, 김홍식","이철훈, 최준연","한경섭, 임예림, 최윤재, 김희라"
홍준표,洪準杓,HONG JOONPYO,음,1954-12-05,무소속,대구 수성구을,5선,"제15대, 제16대, 제17대, 제18대, 제21대",남,"02-784-7610, 02-6788-7481  ",의원회관 549호,jphong803@naver.com,https://blog.naver.com/jphong803,"이종헌, 임형길","김윤환, 손성호","김은영, 고천석, 신영진, 권희연, 김태형"
윤호중,尹昊重,YUN HOJUNG,음,1963-03-27,더불어민주당,경기 구리시,4선,"제17대, 제19대, 제20대, 제21대",남,02-784-4961~3,의원회관 648호,hjyun9292@naver.com,http://blog.naver.com/hjyun327,"박준혁, 이강일","안완섭, 정은철","이슬기, 이다솜, 남슬비아, 황진옥, 심명민"
김영주,金榮珠,KIM YOUNGJOO,음,1955-07-27,더불어민주당,서울 영등포구갑,4선,"제17대, 제19대, 제20대, 제21대",여,02-784-2470,의원회관 526호,kimyoungjoo2018@gmail.com,http://blog.naver.com/qufxod1004,"조태근, 조태상","이보남, 황정이","이석재, 전승관, 허윤정, 손승희, 강민성"
문정복,文貞福,MOON JEONGBOG,음,1967-01-10,더불어민주당,경기 시흥시갑,초선,제21대,여,02-784-9850,의원회관 521호,indobangrang@hanmail.net,https://blog.naver.com/indobangrang,"김선옥, 김진경","신희성, 정동황","백정균, 양윤정, 오승현, 우진희, 김리휘"
박병석,朴炳錫,PARK BYEONGSEUG,양,1952-01-25,무소속,대전 서구갑,6선,"제16대, 제17대, 제18대, 제19대, 제20대, 제21대",남,02-6788-2306,의원회관 804호,pbs2100@gmail.com,,"강창희, 송석근","김민숙, 예석해","김혜리, 유민선, 최지연, 심용진"
서정숙,徐正淑,SUH JUNGSOOK,음,1953-02-18,국민의힘,비례대표,초선,제21대,여,02-784-1255,의원회관 708호,suhjs708@naver.com,http://blog.naver.com/suhjs708,"권순일, 박경필","고경령, 박경은","천진숙, 심정윤, 정연주, 조소나, 이승환"
윤영덕,尹永德,YOON YOUNGDEOK,양,1969-09-07,더불어민주당,광주 동구남구갑,초선,제21대,남,02)784 3870~2,의원회관 715호,yyd0415v@naver.com,,"양동훈, 이경훈","김영삼, 이소연","신희성, 하대준, 박경훈, 정진의, 오진솔"
한병도,韓秉道,HAN BYUNGDO,음,1967-12-07,더불어민주당,전북 익산시을 ,재선,"제17대, 제21대",남,02-784-5891,의원회관 728호,1bddoit@gmail.com,http://blog.naver.com/hbd7851,"박재현, 어미정","김상섭, 조현아","이성노, 황광덕, 이세라, 권오선, 박혜민"
이소영,李素永,LEE SOYOUNG,양,1985-02-10,더불어민주당,경기 의왕시과천시,초선,제21대,여,02-784-1051,의원회관 546호,hello@imsoyoung.kr,https://blog.naver.com/soyoung8lee,"김동균, 김세호","김혜진, 송일용","김미경, 권순군, 한신혜, 손지희, 이유연"
이탄희,李誕熙,LEE TAHNEY,음,1978-11-03,더불어민주당,경기 용인시정,초선,제21대,남,02-784-8940,의원회관 505호,leetanhi1@gmail.com,,박광운,"서혜진, 황연실","고미진, 노승일, 이제문, 김혜진, 이혜지"
우원식,禹元植,WOO WONSHIK,음,1957-09-18,더불어민주당,서울 노원구을,4선,"제17대, 제19대, 제20대, 제21대",남,02-784-3601~3,의원회관 501호,reform1-1@hanmail.net,http://우원식.kr,"박기영, 이지환","김복식, 김유림","박이강, 정수영, 문봉애, 신지수, 임선아"
서일준,徐一俊,SEO ILJUN,음,1965-05-10,국민의힘,경남 거제시,초선,제21대,남,02-784-1797,의원회관 805호,sijkorea@gmail.com,http://blog.naver.com/greatgeoje,"박용안, 제방훈","제채윤, 하현수","윤호진, 이충근, 이지은, 박경호, 강유선"
이상민,李相珉,LEE SANGMIN,음,1958-01-22,더불어민주당,대전 유성구을,5선,"제17대, 제18대, 제19대, 제20대, 제21대",남,02-784-0924,의원회관 401호,smlee@assembly.go.kr,https://blog.naver.com/lawlsm2016,"조원휘, 허동혁","김경화, 박상인","윤대환, 변상윤, 전형우, 이유리"
이용빈,李龍彬,LEE YONGBIN,양,1964-12-15,더불어민주당,광주 광산구갑,초선,제21대,남,02-784-4291,의원회관 527호,gwangsan.lyb@gmail.com,http://blog.naver.com/fmdoc4u,"김형균, 김홍중","정수명, 정현주","김동헌, 박태진, 조성윤, 정희찬, 강동연"
이장섭,李將燮,LEE JANGSUB,음,1963-05-14,더불어민주당,충북 청주시서원구,초선,제21대,남,02-784-4441,의원회관 442호,,,"김종기, 김진오","김아람, 박찬중","임재진, 김종수, 정은선, 장익진, 김은채"
정성호,鄭成湖,JUNG SUNGHO,음,1961-09-10,더불어민주당,경기 양주시,4선,"제17대, 제19대, 제20대, 제21대",남,02-784-8991(의원회관 646호),의원회관 646호,jsh35351@naver.com,http://blog.naver.com/jsh35351,"서준섭, 정원철","안중언, 이광근","정희태, 강유진, 최정빈, 김선진, 최현정"
전봉민,田奉珉,JEON BONGMIN,음,1972-10-21,무소속,부산 수영구,초선,제21대,남,02-784-4591,의원회관 551호,jbm102100@na.go.kr,,"김영창, 윤위","권일진, 김형영","이자영, 김성수, 심재분, 김선주, 박현태"
조정식,趙正湜,CHO JEONGSIK,음,1963-12-25,더불어민주당,경기 시흥시을,5선,"제17대, 제18대, 제19대, 제20대, 제21대",남,02-784-2760~2,의원회관 454호,7842760@naver.com,http://cjs.or.kr,"이정희, 한인환","강영석, 도수만","김재훈, 박은숙, 김은희, 최민서, 이정성"
주호영,朱豪英,JOO HOYOUNG,양,1960-12-10,국민의힘,대구 수성구갑,5선,"제17대, 제18대, 제19대, 제20대, 제21대",남,02-784-2055,의원회관 704호,7842055@naver.com,http://www.joohoyoung.or.kr,"우경식, 채성령","김승용, 임대규","정찬기, 김나원, 남길호, 이아영, 최준영"
신현영,申賢榮,SHIN HYUNYOUNG,음,1980-11-17,더불어민주당,비례대표,초선,제21대,여,02-6788-6691~4,의원회관 740호,21shy740@gmail.com,,"이백휴, 홍춘택","신아람, 한지성","권민지, 박대율, 이재원, 임현재, 박지수"
윤창현,尹暢賢,YUN CHANGHYUN,음,1960-07-28,국민의힘,비례대표,초선,제21대,남,02-784-2855,의원회관 826호,yunch5270@gmail.com,,"문주현, 박필동","김기린, 김재학","이수영, 백성록, 이영아, 이성현, 원지우"
정운천,鄭雲天,CHUNG WOONCHUN,음,1954-04-10,국민의힘,비례대표,재선,"제20대, 제21대",남,02-784-8975,의원회관 706호,706gbs@gmail.com,http://blog.naver.com/jeonjujeong,"김보현, 정경복","박상조, 신중호","이규현, 민경환, 이용주, 이다솜, 고준혁"
박정,朴釘,PARK JEUNG,음,1962-11-19,더불어민주당,경기 파주시을,재선,"제20대, 제21대",남,02-784-3781,의원회관 318호,pjkorea21c@naver.com,http://blog.naver.com/pjkorea21c,"서정민, 홍창훈","염민규, 한천수","권민준, 성민채, 박경덕, 이효동, 고현조"
한준호,韓俊鎬,HAN JUNHO,음,1974-02-20,더불어민주당,경기 고양시을,초선,제21대,남,02-784-9160,의원회관 921호,juno.news2020@gmail.com,https://www.facebook.com/hanjuno.news,"장철영, 최태순","서호언, 임주빈","김지환, 선중욱, 송효리, 윤민섭, 박채희"
유경준,兪京濬,YOO GYEONGJOON,음,1961-06-17,국민의힘,서울 강남구병,초선,제21대,남,02-784-2051,의원회관 434호,y0890@assembly.go.kr,https://blog.naver.com/gangnamforyou ,"이한수, 허남춘","김길영, 유지헌","정윤경, 이영현, 강두현, 박해주, 노애자"
이해식,李海植,LEE HAESIK,양,1963-11-13,더불어민주당,서울 강동구을,초선,제21대,남,02-784-2171,의원회관 730호,,,"유윤진, 주인공","박덕수, 성시웅","임현빈, 곽움, 박한창, 김정향, 허은영"
문진석,文振碩,MOON JINSEOG,양,1962-02-12,더불어민주당,충남 천안시갑,초선,제21대,남,02-784-9030,의원회관 640호,jmoon123@naver.com,https://blog.naver.com/jmoon123,"김도형, 유명식","길경덕, 한세효","김종철, 이선민, 황신우, 김여진, 황성숙"
신원식,申源湜,SHIN WONSIK,음,1958-07-24,국민의힘,비례대표,초선,제21대,남,02-784-9630,의원회관 745호,wonteam20@naver.com,,"김태현, 여운모","박필규, 윤상용","정사영, 김범준, 신은경, 소재평, 김기정"
홍기원,洪起元,HONG KEEWON,양,1964-12-13,더불어민주당,경기 평택시갑,초선,제21대,남,02-784-2577,의원회관 525호,flyhong21@naver.com,https://blog.naver.com/flyhong21,"김정선, 최재영","남기환, 주남석","허성일, 김단비, 안지영, 최선규, 우희주"
조수진,趙修眞,CHO SUJIN,음,1972-06-19,국민의힘,비례대표,초선,제21대,여,02-784-9423,의원회관 339호,assembly2020@naver.com,https://blog.naver.com/assembly2020,"김춘식, 안준철","김진천, 정성전","조재현, 채수지, 이미림, 조형원, 홍준현"
박수영,朴洙瑩,PARK SOOYOUNG,음,1964-01-07,국민의힘,부산 남구갑,초선,제21대,남,02-784-3760,의원회관 437호,psyfor2020@naver.com,http://blog.naver.com/psyfor2020,"김현태, 박기업","김인호, 오현석","안성완, 현승훈, 박성훈, 김재영, 김다솜"
송영길,宋永吉,SONG YOUNGGIL,양,1963-03-21,더불어민주당,인천 계양구을,5선,"제16대, 제17대, 제18대, 제20대, 제21대",남,02-784-8957,의원회관 818호,songyounggil@naver.com,http://blog.naver.com/songyounggil,"박용수, 한상범","이경복, 이정아","문세종, 김휘동, 주소희, 김민경, 황경환"
정진석,鄭鎭碩,CHUNG JINSUK,음,1960-09-04,국민의힘,충남 공주시부여군청양군,5선,"제16대, 제17대, 제18대, 제20대, 제21대",남,02-784-5070,의원회관 946호,jsemail@naver.com,http://blog.naver.com/chungjinsuk,"김동현, 김혁종","김국성, 김성겸","편희석, 이민규, 김강진, 김단비, 배지연, 이은정"
이형석,李炯錫,LEE HYUNGSEOK,음,1961-10-05,더불어민주당,광주 북구을,초선,제21대,남,02-784-1307,의원회관 836호,hslee2020bk@gmail.com,https://blog.naver.com/hslee2016,"김기봉, 이동윤","이부일, 정재현","정재성, 이종찬, 김태균, 김주희, 주수경"
고민정,高旼廷,KO MINJUNG,양,1979-08-23,더불어민주당,서울 광진구을,초선,제21대,여,02-784-4630~2,의원회관 629호,kominjung21@gmail.com,https://blog.naver.com/kominjung21,"고인섭, 조정욱","윤수경, 이준승","예한나, 노시평, 조준형, 김슬기, 박유선"
박용진,朴用鎭,PARK YONGJIN,음,1971-04-17,더불어민주당,서울 강북구을,재선,"제20대, 제21대",남,02-784-9721,의원회관 428호,gangbuk24@gmail.com,,"박상필, 이시성","박수빈, 이미혜","조대희, 강기철, 김민영, 김민하, 서다은, 최인준"
박성중,朴成重,PARK SUNGJOONG,음,1958-08-01,국민의힘,서울 서초구을,재선,"제20대, 제21대",남,02-784-4364,의원회관 936호,sjpark101@hanmail.net,http://blog.naver.com/sjpark580801,"박창삼, 옥동석","김재헌, 박소연","유재원, 신석훈, 김미정, 이형준, 남기언"
김승남,金承南,KIM SEUNGNAM,양,1965-10-06,더불어민주당,전남 고흥군보성군장흥군강진군,재선,"제19대, 제21대",남,02-784-1091~2,의원회관 739호,snk651006@gmail.com,,"김영주, 신선우","오재현, 정종석","신희표, 권솔, 강주희, 서난영, 김근민"
조해진,曺海珍,CHO HAEJIN,양,1963-08-04,국민의힘,경남 밀양시의령군함안군창녕군,3선,"제18대, 제19대, 제21대",남,,의원회관 410호,,,"조연경, 차승훈","이지현, 장동진","김새난슬, 임성락, 유혜미, 이지섭, 차은경"
윤영찬,尹永燦,YOON YOUNGCHAN,음,1964-08-05,더불어민주당,경기 성남시중원구,초선,제21대,남,02-784-2704,의원회관 726호,yyc8361@naver.com,http://yoonyoungchan.com,"김선, 김승철","박지현, 정희정","김진국, 강나경, 전지연, 정다인, 전설아"
김은혜,金恩慧,KIM EUNHYE,음,1971-01-06,국민의힘,경기 성남시분당구갑,초선,제21대,여,02-784-0905,의원회관 435호,eunhye4400@naver.com,https://blog.naver.com/eunhye4400,최성용,"서광수, 송지훈","박형진, 조병진, 백종호, 이준식, 황희준"
양정숙,梁貞淑,YANG JUNGSUK,음,1965-03-12,무소속,비례대표,초선,제21대,여,,의원회관 1003호,jsyang7735@gmail.com,,"임현, 전병훈","김애라, 임성우","김석렬, 이정길, 임석열, 이유정, 고지은"
정경희,丁慶姬,CHUNG KYUNGHEE,음,1958-01-26,국민의힘,비례대표,초선,제21대,여,,의원회관 335호,,,"신상한, 이충현","김경한, 박준수","김연주, 이성은, 이창호, 박가현, 이희정"
송재호,宋在祜,SONG JAEHO,음,1960-12-20,더불어민주당,제주 제주시갑,초선,제21대,남,,의원회관 834호,,,"강신혁, 윤정배","김명언, 하재이","강정욱, 김세진, 변성철, 신희범, 정휘묵"
김윤덕,金潤德,KIM YUNDUCK,음,1966-05-23,더불어민주당,전북 전주시갑,재선,"제19대, 제21대",남,02-784-4367~9,의원회관 814호,ydkim22@naver.com,,"김동환, 홍성진","오용운, 장병익","송동준, 백두산, 진윤호, 엄진향, 김예니"
홍정민,洪貞敏,HONG JUNGMIN,음,1978-11-24,더불어민주당,경기 고양시병,초선,제21대,여,,의원회관 326호,,,"이용남, 조성환","원동은, 주영민","오미숙, 한상득, 윤한균, 박희철, 박지혜"
김주영,金周暎,KIM JUYOUNG,양,1961-10-15,더불어민주당,경기 김포시갑,초선,제21대,남,02-784-5260,의원회관 520호,gimpolovekjy@gmail.com,,"이경호, 이은영","이황재, 홍수정","이장희, 한호, 김석태, 권기영, 홍수민"
진성준,陳聲準,JIN SUNGJOON,음,1967-04-19,더불어민주당,서울 강서구을,재선,"제19대, 제21대",남,02-784-5725,의원회관 741호,hotjjoon@gmail.com,https://blog.naver.com/theminjoohotjjoon,"김승현, 오정훈","박계홍, 홍인숙","김광운, 신보용, 이웅재, 이정현, 김은비"
박상혁,朴商赫,PARK SANGHYUK,음,1973-03-20,더불어민주당,경기 김포시을,초선,제21대,남,02-784-2417~9,의원회관 817호,gimpo_park@naver.com,,"손현우, 송봉빈","송동민, 장윤순","이교영, 박현규, 안진성, 오성환, 김기윤"
오영환,吳永煥,OH YEONGHWAN,음,1988-02-10,더불어민주당,경기 의정부시갑,초선,제21대,남,02-6788-6766,의원회관 1021호,119heartsaver@naver.com,https://blog.naver.com/119heartsaver,"이윤근, 최환","김현모, 임주연","임정민, 정수미, 김혁수, 정진호, 이우종"
김영식,金英植,KIM YEUNGSHIK,양,1959-07-18,국민의힘,경북 구미시을,초선,제21대,남,,의원회관 716호,,,"김지관, 진성오","김성은, 박승용","이수산, 김영민, 정지원, 강윤경, 박민경"
안병길,安炳吉,AN BYUNGGIL,음,1962-02-02,국민의힘,부산 서구동구,초선,제21대,남,,의원회관 528호,,,"임성재, 홍춘호","강민규, 김영해","오한나, 최원녕, 진유정, 권기림, 이용운"
허은아,許垠娥,HER EUNA,음,1972-05-26,국민의힘,비례대표,초선,제21대,여,,의원회관 327호,,,"신승준, 이승환","이용일, 홍윤호","박영준, 서영지, 박준영, 한아름, 강보람"
박대수,朴大壽,PARK DAESOO,양,1960-08-30,국민의힘,비례대표,초선,제21대,남,,의원회관 622호,,,"박현영, 한길완","윤창혁, 윤태식","최미아, 한상훈, 강효나, 김영춘, 권세현"
김희국,金熙國,KIM HEEKUK,음,1958-10-20,국민의힘,경북 군위군의성군청송군영덕군,재선,"제19대, 제21대",남,,의원회관 713호,,,"권태윤, 최승환","김동우, 오장택","조하나, 신영규, 김세림, 이가영"
허영,許榮,HUH YOUNG,음,1970-03-29,더불어민주당,강원 춘천시철원군화천군양구군갑,초선,제21대,남,02-784-1840~2,의원회관 835호,successhuh@gmail.com,http://withyoung.com,"김명진, 김산","고건민, 윤철우","윤정규, 구윤아, 탁기열, 김미나, 박용훈"
윤미향,尹美香,YOUN MEEHYANG,음,1965-02-10,더불어민주당,비례대표,초선,제21대,여,,의원회관 530호,,,"김준하, 조정훈","안선미, 황경의","오선희, 하수철, 유수진, 김은별, 이혜진"
정청래,鄭淸來,JUNG CHUNGRAE,음,1965-04-18,더불어민주당,서울 마포구을,3선,"제17대, 제19대, 제21대",남,,의원회관 449호,,,"송지원, 윤혜연","김수경, 장영준","이정아, 오나윤, 안준모, 박세경, 박지수"
홍석준,洪碩晙,HONG SUKJOON,음,1966-05-17,국민의힘,대구 달서구갑,초선,제21대,남,,의원회관 634호,,,"백병환, 장진영","박병순, 조조한","김재도, 김샛별, 조성우, 이지영, 김치종"
박진,朴振,PARK JIN,음,1956-09-16,국민의힘,서울 강남구을,4선,"제16대, 제17대, 제18대, 제21대",남,,의원회관 846호,,,"김길성, 김우식","윤석민, 이창훈","박민영, 이준희, 이대우, 남보라, 김현정"
정태호,鄭泰浩,JUNG TAEHO,음,1963-03-20,더불어민주당,서울 관악구을,초선,제21대,남,,의원회관 422호,,,"가민경, 고봉준","정선인, 한광섭","김진, 조제윤, 임화영, 안재경, 양준호"
신영대,申榮大,SHIN YEONGDAE,음,1968-01-15,더불어민주당,전북 군산시,초선,제21대,남,02-784-1524,의원회관 610호,syd@assembly.go.kr,https://blog.naver.com/shinyd85,"권민철, 정진웅","심권택, 하동욱","오현숙, 최은선, 김보현, 김경훈, 윤혜인"
최춘식,崔春植,CHOI CHUNSIK,양,1956-03-14,국민의힘,경기 포천시가평군,초선,제21대,남,,의원회관 619호,,,"김병수, 박환찬","이정세, 한광식","안태훈, 박현규, 하명화, 박찬택, 김다연"
김형동,金亨東,KIM HYUNGDONG,음,1975-03-25,국민의힘,경북 안동시예천군,초선,제21대,남,,의원회관 1016호,,,"권백신, 박균","권순구, 신종대","남수용, 김미숙, 안문희, 심태현, 이화원"
김태호,金台鎬,KIM TAEHO,음,1962-08-21,국민의힘,경남 산청군함양군거창군합천군,3선,"제18대, 제19대, 제21대",남,02-784-0896~7,의원회관 907호,taehoshgh@naver.com,,"권정욱, 최기봉","김경수, 김영조","최장현, 박수현, 박찬호, 김정민, 천선아"
서동용,徐東榕,SEO DONGYONG,양,1964-09-02,더불어민주당,전남 순천시광양시곡성군구례군을,초선,제21대,남,,의원회관 321호,,,"김정태, 홍기돈","김보람, 양승준","박광호, 이필기, 장승빈, 이동원, 이다경"
김희곤,金熙坤,KIM HEEGON,양,1964-12-17,국민의힘,부산 동래구,초선,제21대,남,02-784-6346,의원회관 623호,caesar1217@assembly.go.kr,,"임병국, 진명구","송우현, 장지원","신한섭, 김진만, 채지훈, 남욱현, 윤태건"
정동만,鄭東萬,JEONG DONGMAN,음,1965-07-18,국민의힘,부산 기장군,초선,제21대,남,02-784-8071,의원회관 432호,dongmanjeong432@gmail.com,http://blog.naver.com/dongbu1538,"김승원, 김정우","유재영, 이후석","임이랑, 안영진, 최시은, 이수원, 김민정"
황운하,黃雲夏,HWANG UNHA,음,1962-09-10,더불어민주당,대전 중구,초선,제21대,남,02-784-1935,의원회관 416호,unhah0301@gmail.com,,"박승규, 방인호","유혜정, 장진섭","최형준, 홍승경, 심준석, 정윤주, 김윤정"
임호선,林昊宣,LIM HOSEON,음,1964-09-27,더불어민주당,충북 증평군진천군음성군,초선,제21대,남,02-784-1730,의원회관 429호,limhoseon2020@naver.com,http://blog.naver.com/propol21,"양현모, 이규연","박미래, 최석오","김다나, 고영훈, 연홍율, 김지영, 김준성"
정희용,鄭熙溶,JUNG HEEYONG,음,1976-10-01,국민의힘,경북 고령군성주군칠곡군,초선,제21대,남,,의원회관 436호,,,"이학주, 장기정","이명옥, 최우영","최수영, 이흥진, 이지윤, 임승균, 안재현"
윤건영,尹建永,YOUN KUNYOUNG,양,1969-09-26,더불어민주당,서울 구로구을,초선,제21대,남,,의원회관 727호,,,"여정민, 최일곤","서한우, 안본아","전성건, 김민주, 김충일, 강은구, 안두환"
최종윤,崔鍾允,CHOI JONGYOON,음,1966-02-27,더불어민주당,경기 하남시,초선,제21대,남,02-784-6201,의원회관 809호,cjyjjw@naver.com,https://blog.naver.com/cjyjjw,한웅희,"노영주, 전지훈","이혜림, 박정훈, 김태형, 추지수, 정준호"
이원택,李源澤,LEE WONTAEG,음,1970-01-25,더불어민주당,전북 김제시부안군,초선,제21대,남,02-6788-7031,의원회관 523호,we1taeg@daum.net,,"이창무, 이해규","김재훈, 이기언","이은석, 권순영, 김동우, 박경, 박성훈"
윤준병,尹準炳,YOON JOONBYEONG,음,1961-03-03,더불어민주당,전북 정읍시고창군,초선,제21대,남,02-784-1860,의원회관 522호,yjb870053@naver.com,http://theminjb.com/,박성수,"박정호, 양창모","유현철, 이찬, 신기철, 한성경, 백은선"
이용선,李庸瑄,LEE YONGSUN,음,1958-02-12,더불어민주당,서울 양천구을,초선,제21대,남,02-784-7727,의원회관 931호,yslee9282@naver.com,http://blog.naver.com/2020yslee,"김종길, 장현명","곽병관, 문요셉","최고다, 김대현, 이은지, 김남기, 박정후"
장제원,張濟元,CHANG JEWON,음,1967-04-13,국민의힘,부산 사상구,3선,"제18대, 제20대, 제21대",남,02-784-3851,의원회관 607호,jfirst607@naver.com ,http://blog.jfirst21.com,"김민수, 최순영","박종보, 안은전","김현준, 이대훈, 이예슬, 조혜아, 장우진"
김진표,金振杓,KIM JINPYO,양,1947-05-04,더불어민주당,경기 수원시무,5선,"제17대, 제18대, 제19대, 제20대, 제21대",남,02-784-3807,의원회관 744호,,,"이병진, 조기훈","김선회, 이현진","홍승화, 장영신, 김보경, 최은정, 오재호"
김종민,金鐘民,KIM JONGMIN,음,1964-05-12,더불어민주당,충남 논산시계룡시금산군,재선,"제20대, 제21대",남,02-784-5920,의원회관 508호,withmin413@gmail.com,,"정운몽, 홍성신","박용규, 박철훈","김봉성, 황규현, 김진희, 김수민, 신하은"
소병철,蘇秉哲,SO BYUNGCHUL,음,1958-02-15,더불어민주당,전남 순천시광양시곡성군구례군갑,초선,제21대,남,02-784-4410,의원회관 928호,sbcpr21@gmail.com,,"김진남, 이정원",이서진,"박하린, 마은표, 정광현, 하미라, 강문수"
이은주,李恩周,LEE EUNJU,음,1969-09-02,정의당,비례대표,초선,제21대,여,02-784-5601,의원회관 515호,515.lee.ej@gmail.com,,"김성희, 박선민","배혜정, 이승환","김형근, 김보미, 이다예, 이남수, 박경민"
백종헌,白宗憲,BAEK JONGHEAN,음,1962-12-23,국민의힘,부산 금정구,초선,제21대,남,02-784-3977,의원회관 438호,bjh438@naver.com,,"김영상, 박재오","서차관, 이범희","김도형, 박수향, 이재준, 정강현, 백다윤"
이용,李鏞,LEE YONG,음,1978-06-23,국민의힘,비례대표,초선,제21대,남,02-784-5076,의원회관 338호,yonglee0623@naver.com,https://blog.naver.com/yonglee0623,"김상조, 문승현","곽재욱, 조재한","김군나, 이정민, 사정아, 최하빈, 이윤석"
김선교,金善敎,KIM SUNGYO,음,1960-09-18,국민의힘,경기 여주시양평군,초선,제21대,남,02-784-4195,의원회관 934호,kimsg5358@naver.com,,"추대동, 홍순기",박하나,"손현덕, 박인선, 경은아, 박대한, 이선규"
허종식,許琮植,HEO JONGSIK,음,1962-02-08,더불어민주당,인천 동구미추홀구갑,초선,제21대,남,02-784-8870,의원회관 413호,jongsyy@naver.com,https://blog.naver.com/jongsyy,"김창문, 이수현","김선욱, 정락재","이찬석, 손정애, 장순이, 이현민, 이혜민"
배준영,裵俊英,BAE JUNEYOUNG,음,1970-10-21,국민의힘,인천 중구강화군옹진군,초선,제21대,남,,의원회관 829호,,,"박종효, 유원종","박병일, 차형일","김고은, 오세준, 이소림, 김준영, 장경석"
한기호,韓起鎬,HAN KIHO,양,1952-08-13,국민의힘,강원 춘천시철원군화천군양구군을,3선,"제18대, 제19대, 제21대",남,,의원회관 908호,,,"김민찬, 조재숙","김윤태, 김지혜","여운준, 정찬, 정다와, 김상근"
박성준,朴省俊,PARK SUNGJOON,음,1969-04-23,더불어민주당,서울 중구성동구을,초선,제21대,남,02-784-8430,의원회관 324호,pksjoffice@naver.com,https://blog.naver.com/pksjoffice,"고수석, 한현규","고우영, 이재민","양원선, 박상욱, 김형준, 황신희, 박민정"
정찬민,鄭燦敏,JUNG CHANMIN,양,1958-05-16,국민의힘,경기 용인시갑,초선,제21대,남,02-784-2316~8,의원회관 621호,jungchanmin@naver.com,,,,
양이원영,梁李媛瑛,YANG YIWONYOUNG,음,1971-05-14,더불어민주당,비례대표,초선,제21대,여,02-784-8834~6,의원회관 502호,yangyi.assembly@gmail.com,http://www.yangyi.kr,"임도균, 최완","오경석, 이희춘","박진영, 윤다진, 신지수"
김경협,金炅俠,KIM KYUNGHYUP,양,1962-11-07,더불어민주당,경기 부천시갑,3선,"제19대, 제20대, 제21대",남,02-784-1190,의원회관 813호,ggh000@naver.com,http://www.kimgh.com,"김민주, 봉재현","김동욱, 정공진","이선희, 박희진, 임미소, 윤태욱, 조혜령"
서영교,徐瑛敎,SEO YOUNGKYO,양,1964-11-11,더불어민주당,서울 중랑구갑,3선,"제19대, 제20대, 제21대",여,02-784-8490,의원회관 718호,youngkyos@naver.com,http://blog.naver.com/youngkyos,"문경희, 정재헌","안재형, 이종용","김은희, 임규호, 노수빈, 김지은"
권인숙,權仁淑,KWON INSOOK,음,1964-08-28,더불어민주당,비례대표,초선,제21대,여,02-784-9241,의원회관 317호,iskwon317@naver.com,https://blog.naver.com/iskwon317,"이윤상, 황윤정","이경민, 한지영","김혜원, 전동명, 국서림, 최주헌, 조은재"
박홍근,朴洪根,PARK HONGKEUN,양,1969-10-08,더불어민주당,서울 중랑구을,3선,"제19대, 제20대, 제21대",남,02-784-8370,의원회관 641호,maumgil88@gmail.com,http://blog.naver.com/bakhonggeun,"김동영, 장석원","나바다, 박승진","고강섭, 최광원, 채정임, 김주현, 허선경"
김성환,金星煥,KIM SUNGWHAN,음,1965-10-15,더불어민주당,서울 노원구병,재선,"제20대, 제21대",남,02-784-6271,의원회관 614호,kimnowongu@gmail.com,https://blog.naver.com/human-nowon,"이규철, 이진우","김용정, 서학선","정재삼, 주영광, 김지선, 공경남, 방정환"
맹성규,孟聖奎,MAENG SUNGKYU,음,1962-04-05,더불어민주당,인천 남동구갑,재선,"제20대, 제21대",남,"02-784-6181, 032-466-9100",의원회관 926호,minjoomsk@naver.com,https://blog.naver.com/minjoo_maeng,"신지혜, 조은별","엄소영, 이귀성","이광훈, 송지영, 김현주, 안형균, 권나영"
송갑석,宋甲錫,SONG GABSEOK,음,1966-10-10,더불어민주당,광주 서구갑,재선,"제20대, 제21대",남,02-784-5750,의원회관 1020호,kssong800518@daum.net,https://blog.naver.com/kssong3928,유영용,"박현숙, 신윤수","박범준, 박광근, 안민우, 김은민, 윤희상"
송언석,宋彦錫,SONG EONSEOG,음,1963-05-16,무소속,경북 김천시,재선,"제20대, 제21대",남,02-784-3011,의원회관 427호,,,"박찬윤, 양창열","김광수, 황현성","최상준, 백승호, 김윤희, 신용제, 조현규"
이개호,李介昊,LEE KAIHO,음,1959-06-23,더불어민주당,전남 담양군함평군영광군장성군,3선,"제19대, 제20대, 제21대",남,02-784-2165,의원회관 719호,7880291@naver.com,http://blog.naver.com/lgh59623,"이영규, 황인기","박일남, 송진원","정고운, 곽세문, 조용주, 이지원"
이종배,李鍾培,LEE JONGBAE,음,1957-05-30,국민의힘,충북 충주시,3선,"제19대, 제20대, 제21대",남,02-784-4131~3,의원회관 913호,victoryljb@naver.com,,"김성훈, 임순묵","김영진, 장민호","김교범, 이지영, 이미향, 김주현, 장채원"
강민국,姜旻局,KANG MINKUK,음,1971-03-03,국민의힘,경남 진주시을,초선,제21대,남,02-784-0797,의원회관 1007호,strongwind01@naver.com,,"강민승, 박진우","신우성, 오경훈","성환종, 이승연, 김오주, 이현우, 한지은"
유의동,兪義東,YU EUIDONG,음,1971-06-23,국민의힘,경기 평택시을,3선,"제19대, 제20대, 제21대",남,02-784-7351,의원회관 947호,ptopen730@naver.com,http://yueuidong.com,"이윤재, 이은석","윤나영, 조병수","이민지, 김일권, 송민규, 신지수"
박광온,朴洸瑥,PARK KWANGON,양,1957-03-26,더불어민주당,경기 수원시정,3선,"제19대, 제20대, 제21대",남,02-784-5364,의원회관 533호,sotong533@gmail.com,http://blog.naver.com/kopark2012,"이용국, 이한돌","신청수, 홍순웅","차진완, 오영하, 한소진, 권영근, 최서연"
권은희,權垠希,KWON EUNHEE,음,1974-02-15,국민의당,비례대표,3선,"제19대, 제20대, 제21대",여,02-784-1813,의원회관 904호,kwoneunhee0215@gmail.com,http://keh.kr,"곽복률, 김주연","김상웅, 장철원","남보라, 고선주, 김단아"
권영세,權寧世,KWON YOUNGSE,양,1959-02-24,국민의힘,서울 용산구,4선,"제16대, 제17대, 제18대, 제21대",남,02-784-3103,의원회관 450호,yskys2020@naver.com,https://blog.naver.com/yskys2020,"배기석, 이동빈","민선홍, 이효진","김인규, 김용종, 이수지, 김은총, 박준영"
이병훈,李炳勳,LEE BYUNGHOON,음,1957-03-18,더불어민주당,광주 동구남구을,초선,제21대,남,02-784-6443,의원회관 443호,lbh0318@hanmail.net,https://blog.naver.com/leebh0318,"강원, 김홍일","김진성, 이승환","김재식, 김태범, 최은지, 조재욱, 김의혁"
최기상,崔基相,CHOI KISANG,양,1969-10-07,더불어민주당,서울 금천구,초선,제21대,남,02-784-4990,의원회관 733호,choiwakeup@gmail.com,http://blog.naver.com/gisang2020,"김성준, 정우윤","김경은, 이주환","박수환, 도병두, 강경희, 손하은, 정재준"
이낙연,李洛淵,LEE NAKYON,양,1952-12-20,더불어민주당,서울 종로구,5선,"제16대, 제17대, 제18대, 제19대, 제21대",남,02-784-3866,의원회관 746호,nyleetogether@gmail.com,,"노창훈, 이제이","김대경, 하정철","김효섭, 염시진, 이상민, 장윤수, 윤상윤"
박형수,朴亨修,PARK HYEUNGSOO,음,1965-10-20,국민의힘,경북 영주시영양군봉화군울진군,초선,제21대,남,02-784-4165,의원회관 1018호,7844165@naver.com,,"김상현, 박민구","강신호, 주동근","장서현, 김진환, 이강희, 강인구, 조근애"
양기대,梁基大,YANG KIDAE,양,1962-10-12,더불어민주당,경기 광명시을,초선,제21대,남,02-784-6195,의원회관 418호,8746195@gmail.com,https://blog.naver.com/kdyang62,"박상현, 유종상","이화중, 최병민","정혜아, 김기홍, 유진, 김경태, 최지현"
박덕흠,朴德欽,PARK DUKHYUM,음,1953-10-18,무소속,충북 보은군옥천군영동군괴산군,3선,"제19대, 제20대, 제21대",남,02-784-6550,의원회관 604호,parkdukhyum@naver.com,,"김필수, 전상인","유대종, 이태훈","정서영, 최윤희, 이동구, 오세현, 송혜민"
박대출,朴大出,PARK DAECHUL,음,1961-03-18,국민의힘,경남 진주시갑,3선,"제19대, 제20대, 제21대",남,02-784-6750,의원회관 802호,dcparkjj@assembly.go.kr,http://blog.naver.com/dcparkjj,"김성욱, 최두식","박선후, 정진효","황은수, 황승호, 김세아, 심효은, 김윤재"
민홍철,閔洪喆,MIN HONGCHUL,양,1961-04-18,더불어민주당,경남 김해시갑,3선,"제19대, 제20대, 제21대",남,02-784-6490,본청 421호(국방위원장실)/ 의원회관 554호,,http://www.민사랑.com/,"김대승, 오연달","김종화, 한주연","이상헌, 임주성, 이상훈, 류주연"
도종환,都鍾煥,DO JONGHWAN,음,1955-09-27,더불어민주당,충북 청주시흥덕구,3선,"제19대, 제20대, 제21대",남,02-784-2537,의원회관 333호,djhpoem@assembly.go.kr,http://blog.naver.com/djhpoem,"천준호, 홍수진","나채선, 이대건","송경화, 남상문, 이기훈, 정찬재, 송소연"
남인순,南仁順,NAM INSOON,양,1958-11-05,더불어민주당,서울 송파구병,3선,"제19대, 제20대, 제21대",여,02-784-5980,의원회관 748호,nisoon@na.go.kr,http://blog.naver.com/nisoon,"김봉겸, 김은경","김영지, 김평수","강성현, 김잔디, 이하나, 남민경, 정다인"
김상훈,金相勳,KIM SANGHOON,음,1963-01-25,국민의힘,대구 서구,3선,"제19대, 제20대, 제21대",남,02-784-2310,의원회관 944호,kshdg11@gmail.com,http://kimsh.or.kr,"채희춘, 홍지웅","안치욱, 오효택","서민정, 신지홍, 김민영, 김서진, 노하은"
천준호,千俊鎬,CHEON JUNHO,음,1971-02-15,더불어민주당,서울 강북구갑,초선,제21대,남,02-784-0712,의원회관 929호,juno3355@gmail.com,http:ss//blog.naver.com/junocheon,"이상철, 전준호","박은숙, 성세운","권혁모, 신택수, 김제식, 김나영, 이주혜"
윤영석,尹永碩,YOON YOUNGSEOK,음,1964-10-07,국민의힘,경남 양산시갑,3선,"제19대, 제20대, 제21대",남,02-784-4861,의원회관 941호,hangomy@assembly.go.kr,,"김정일, 장준명","백창현, 장호경","이정훈, 공유신, 김혜란, 방나래, 박태환, 라예지"
전해철,全海澈,JEON HAECHEOL,음,1962-05-18,더불어민주당,경기 안산시상록구갑,3선,"제19대, 제20대, 제21대",남,02-784-8901,의원회관 930호,sangrokgab@naver.com,http://blog.naver.com/jhc05,"박정대, 백수현","이상민, 최찬규","이재경, 정영미, 신유리, 오하나"
이헌승,李憲昇,LEE HUNSEUNG,음,1963-05-11,국민의힘,부산 부산진구을,3선,"제19대, 제20대, 제21대",남,02-784-7911,의원회관 425호,ilovebusanjin@hanmail.net,,"김병하, 김창수","최수정, 추인희","전효선, 박유미, 손추성, 최지희, 민근홍"
이상헌,李相憲,LEE SANGHEON,음,1954-07-10,더불어민주당,울산 북구,재선,"제20대, 제21대",남,02-784-8630~2,의원회관 1006호,leesh_2018@naver.com,https://blog.naver.com/leesh_2018,"김동원, 조영수","이도경, 이재관","정재령, 박지유, 김인화, 최명주, 조예슬"
주철현,朱哲鉉,JU CHEOLHYEON,음,1959-03-12,더불어민주당,전남 여수시갑,초선,제21대,남,02-784-6341~3,의원회관 536호,jassembly536@gmail.com,blog.naver.com/jjwc306,"김재민, 정송호","김일주, 유무성","신동식, 김준랑, 임선경, 박민라"
정점식,鄭点植,JEONG JEOMSIG,음,1965-07-15,국민의힘,경남 통영시고성군,재선,"제20대, 제21대",남,02-784-6327,의원회관 714호,jsjeong0403@naver.com,https://blog.naver.com/jsjeong0403,"김광섭, 최재호","박상준, 이병훈","이호준, 임장수, 양희숙, 윤현춘, 이예지"
윤관석,尹官石,YOUN KWANSUK,음,1960-08-17,더불어민주당,인천 남동구을,3선,"제19대, 제20대, 제21대",남,02-784-4380,의원회관 644호,winneryks@naver.com,http://blog.naver.com/winneryks,"박정우, 허남동","김광훈, 유달진","이유정, 조용석, 이연주, 성채린, 윤소현"
안규백,安圭伯,AHN GYUBACK,음,1961-04-29,더불어민주당,서울 동대문구갑,4선,"제18대, 제19대, 제20대, 제21대",남,02-784-4181,의원회관 807호,intoan429@gmail.com,http://www.safe100.or.kr,"성영준, 정재민, 한승환","김병기, 황집필","김준태, 김현빈, 김주완, 김혜원, 김명학"
이인영,李仁榮,LEE INYOUNG,음,1964-06-28,더불어민주당,서울 구로구갑,4선,"제17대, 제19대, 제20대, 제21대",남,02-784-6811~3,의원회관 801호,liy1964@empal.com,https://blog.naver.com/liy1964,"장백건, 황훈","최경, 홍성자","이혜린, 양명희, 이현석, 성정미, 김지한"
박재호,朴在昊,PARK JAEHO,양,1959-02-13,더불어민주당,부산 남구을,재선,"제20대, 제21대",남,02-784-5512,의원회관 737호,2016pjh@gmail.com,http://blog.naver.com/pjh0586,"김남원, 이수경","김미애, 노영명","김대평, 장수정, 이은제, 박찬, 도선호"
김회재,金會在,KIM HOIJAE,양,1962-11-24,더불어민주당,전남 여수시을,초선,제21대,남,02-784-3285 / 061-684-6600,의원회관 831호,khj539@naver.com,blog.naver.com/khj539,"송현종, 장용성","김지호, 조남웅","최종희, 서준원, 정재환, 박선미, 왕명희"
박찬대,朴贊大,PARK CHANDAE,음,1967-05-10,더불어민주당,인천 연수구갑,재선,"제20대, 제21대",남,02-784-5477,의원회관 815호,parkcd0214@gmail.com,http://blog.naver.com/starhanmia,"전기은, 한만송","김종호, 유광종","노원선, 양세미, 배진우, 박상현, 김우성"
유상범,劉相凡,YOO SANGBUM,음,1966-06-04,국민의힘,강원 홍천군횡성군영월군평창군,초선,제21대,남,02-784-4760,의원회관 736호,sbyoo64@naver.com,https://blog.naver.com/sbyoo64,"김원호, 최영수","김도형, 이세호","박동일, 황세원, 표인수, 장주영, 이재성"
최인호,崔仁昊,CHOI INHO,음,1966-10-15,더불어민주당,부산 사하구갑,재선,"제20대, 제21대",남,02-784-2195,의원회관 332호,,,"김수철, 이정환","손우정, 한영준","김영균, 김기완, 김소영, 이상백, 이다정"
정춘숙,鄭春淑,JUNG CHOUNSOOK,음,1964-01-08,더불어민주당,경기 용인시병,재선,"제20대, 제21대",여,02-784-3740,의원회관 630호,hopejung@na.go.kr,http://blog.naver.com/chounsook_jung,"김용천, 최대환","손정우, 이정훈","맹현, 강승림, 조은아, 이훈희, 이재정, 최희윤"
이철규,李喆圭,LEE CHULGYU,음,1957-09-20,국민의힘,강원 동해시태백시삼척시정선군,재선,"제20대, 제21대",남,02-784-9811,의원회관 939호,,,"윤준호, 이태훈","김영범, 이재용","김완기, 박상우, 이광희, 심다솔, 정가은"
고용진,高榕진,KOH YONGJIN,음,1964-08-06,더불어민주당,서울 노원구갑,재선,"제20대, 제21대",남,02-784-4840,의원회관 816호,gogoyongjin@naver.com,http://blog.naver.com/kohyj64,"여경훈, 홍진옥","김하동, 윤선희","박남문, 김진환, 유재선, 최승환, 노희재"
최형두,崔炯斗,CHOI HYUNGDU,음,1962-10-23,국민의힘,경남 창원시마산합포구,초선,제21대,남,784-1606,의원회관 426호,happyhappo@naver.com,https://blog.naver.com/choihd,"김기동, 김태호","권재욱, 정형기","김태환, 윤이진, 김봉준, 손예라, 최유림"
박완수,朴完洙,PARK WANSU,양,1955-08-26,국민의힘,경남 창원시의창구,재선,"제20대, 제21대",남,02-784-7773,의원회관 705호,wansu705@naver.com,,"이영일, 전정배","강석, 차형보","박정희, 최지윤, 박성준, 조승우, 김소영"
이만희,李晩熙,LEE MANHEE,음,1963-12-11,국민의힘,경북 영천시청도군,재선,"제20대, 제21대",남,02-784-5901,의원회관 819호,yc20002@naver.com,http://band.us/@yc20002,"강성우, 이재섭","김연준, 손영우","김무찬, 조성진, 서주연, 김준수, 손인숙"
김철민,金哲玟,KIM CHEOLMIN,음,1957-02-15,더불어민주당,경기 안산시상록구을,재선,"제20대, 제21대",남,02-784-2135,의원회관 1019호,kcm8764@naver.com,http://blog.naver.com/kcm8764,"김정훈, 이창민","전가영, 최성희","정주영, 김은혜, 이성범, 최신영, 이재희"
기동민,奇東旻,KI DONGMIN,음,1966-02-23,더불어민주당,서울 성북구을,재선,"제20대, 제21대",남,02-784-3181,의원회관 922호,gidongmin@naver.com,http://blog.naver.com/gidongmin,"김형식, 이지백","김두현, 문옥주","이유정, 송현직, 윤하은, 박찬호, 장도희"
곽상도,郭尙道,KWAK SANGDO,음,1959-12-23,국민의힘,대구 중구남구,재선,"제20대, 제21대",남,02-784-8450,의원회관 1014호,sangdokwak@na.go.kr,http://blog.naver.com/sangdokwak,"박대기, 서석만","신경환, 하은정","안지홍, 김가영, 안정호, 최유정, 김종헌"
김정재,金汀才,KIM JUNGJAE,음,1966-02-15,국민의힘,경북 포항시북구,재선,"제20대, 제21대",여,02-784-6831,의원회관 914호,lawjj@naver.com,,"박문태, 이상신","김선영, 김지훈, 이재양","김재원, 김기완, 김은지, 이현주, 정경애"
김영진,金榮鎭,KIM YOUNGJIN,음,1967-09-10,더불어민주당,경기 수원시병,재선,"제20대, 제21대",남,02-784-8410,의원회관 840호,youngjink840@naver.com,,"김경목, 노창식","윤석민, 이승협","김동준, 김혜원, 김혜선, 이유진"
김승원,金勝源,KIM SEUNGWON,음,1969-07-08,더불어민주당,경기 수원시갑,초선,제21대,남,02-784-5285,의원회관 723호,swkimsuwon@gmail.com,http://blog.naver.com/sw_with_suwon,"김동주, 한준택","문경식, 유용선","홍석준, 신지민, 황현정, 한관희, 박민준"
이수진,李秀眞,LEE SUJIN,음,1969-11-03,더불어민주당,서울 동작구을,초선,제21대,여,02-784-3174,의원회관 735호,sujinleehope@gmail.com,http://blog.naver.com/sujinleehope,"이재승, 허영일","강준우, 이수현","박선영, 홍혜린, 박상선, 허웅, 이호진"
임오경,林五卿,LIM OKYEONG,양,1971-12-11,더불어민주당,경기 광명시갑,초선,제21대,여,국회) 784-6396 광명) 2682-0415,의원회관 729호,lok0415@hanmail.net,https://blog.naver.com/oklim777,"김영민, 정용준","이지수, 최민","송유미, 노예영, 박지용, 김소희, 정수봉"
강대식,姜大植,KANG DAESIK,음,1959-11-02,국민의힘,대구 동구을,초선,제21대,남,,의원회관 341호,,,"박홍규, 정운태","유진영, 윤미라","박종원, 박순권, 김광연, 김현정, 송민욱"
김병주,金柄周,KIM BYUNGJOO,음,1962-02-07,더불어민주당,비례대표,초선,제21대,남,02-784-4177,의원회관 447호,kimbyungjoo62@gmail.com,https://bit.ly/3jeADHA,"곽병호, 김명기","김영환, 배성환","황동현, 이주현, 이원기, 이송은, 최보윤"
황보승희,皇甫承希,HWANGBO SEUNGHEE,음,1976-08-05,국민의힘,부산 중구영도구,초선,제21대,여,02-784-6931 / 051-412-0415,의원회관 322호,0415hbsh@naver.com,,"서덕교, 이준우","고범욱, 홍영민","정인호, 홍주형, 윤성환, 박우진"
홍문표,洪文杓,HONG MOONPYO,음,1947-10-05,국민의힘,충남 홍성군예산군,4선,"제17대, 제19대, 제20대, 제21대",남,02-784-9587,의원회관 336호,mphonglove@hanmail.net,,"구성완, 최재구",신충식,"안진호, 손병관, 김슬기, 구민희, 김현우"
안민석,安敏錫,AN MINSUK,양,1966-08-13,더불어민주당,경기 오산시,5선,"제17대, 제18대, 제19대, 제20대, 제21대",남,02-784-3877~9,의원회관 920호,amsams0606@gmail.com,https://blog.naver.com/ams0506,"양승신, 조용호","김병국, 이영기","조호제, 정윤영, 안은하, 전예슬, 안신영"
권명호,權明浩,KWON MYUNGHO,양,1961-01-10,국민의힘,울산 동구,초선,제21대,남,"02-784-5705, 지역 052-201-7676",의원회관 618호,kmh330575@naver.com,http://blog.naver.com/kmh330575,"고광철, 배상원","맹일훈, 원종용","신승구, 차호, 신옥형, 이재웅, 박초희"
양향자,梁香子,YANG HYANGJA,음,1967-04-04,더불어민주당,광주 서구을,초선,제21대,여,02-784-8971,의원회관 626호,bestwest1967@gmail.com,http://blog.naver.com/bestwest1967,"송경민, 윤미혜, 조근희","김길원, 김모영","이동찬, 박대훈, 이경은, 김수연, 김알이"
이양수,李亮壽,LEE YANGSOO,음,1967-08-15,국민의힘,강원 속초시인제군고성군양양군,재선,"제20대, 제21대",남,02-784-8150,의원회관 938호,2yangs6288@naver.com,,"길재철, 장순칠","장종락, 최정식","송연정, 이화은, 유용재, 박성훈, 이주연"
이명수,李明洙,LEE MYOUNGSU,음,1955-02-11,국민의힘,충남 아산시갑,4선,"제18대, 제19대, 제20대, 제21대",남,02-784-5711,의원회관 606호,mslee3@assembly.go.kr,http://www.mslee.co.kr/,"김남규, 김태국","이두현, 이상근","이병재, 김민정, 박혁진, 신우정, 이정인"
김병욱,金炳旭,KIM BYONGWOOK,음,1977-04-30,무소속,경북 포항시남구울릉군,초선,제21대,남,02-784-6430,의원회관 320호,kimbyongwook0415@gmail.com,https://blog.naver.com/ilungkim,"남호균, 백관백","김정기, 손희권","이동찬, 오세웅, 박민지, 장현미, 이나현"
김정호,金禎鎬,KIM JUNGHO,음,1960-06-18,더불어민주당,경남 김해시을,재선,"제20대, 제21대",남,02-784-5871,의원회관 609호,kimjungho3359@daum.net ,http://www.kimjungho3359.com,"김명진, 손낙구","정상운, 하광식","박가영, 염승화, 장인정, 허수정, 김세련"
서삼석,徐參錫,SEO SAMSEOK,음,1959-08-03,더불어민주당,전남 영암군무안군신안군,재선,"제20대, 제21대",남,02-784-9501,의원회관 1022호,3s0011@naver.com,http://3s0011.com,"정일구, 황준하","조경숙, 최원석","최은석, 고성석, 임정섭, 장찬옥, 김두성"
조명희,曺明姬,JO MYUNGHEE,음,1955-09-14,국민의힘,비례대표,초선,제21대,여,02-784-3255,의원회관 843호,843mhjo@gmail.com,https://blog.naver.com/mhjo7312,"채영권, 황찬일","박선연, 윤다솜","조태희, 김은재, 진정한, 허윤주, 정어윈"
윤상현,尹相現,YOON SANGHYUN,음,1962-12-01,무소속,인천 동구미추홀구을,4선,"제18대, 제19대, 제20대, 제21대",남,02-784-4481,의원회관 529호,shyoon@na.go.kr,,"김종현, 이지완","김재경, 안우철","민현원, 정윤창, 변시후, 박지현, 김민영"
김상희,金相姬,KIM SANGHEE,음,1954-05-18,더불어민주당,경기 부천시병,4선,"제18대, 제19대, 제20대, 제21대",여,02-784-4173,의원회관 808호,shk@assembly.go.kr,http://blog.naver.com/shk407,"유재은, 임채원","문영주, 이세경","이범섭, 양지현, 김소연, 박수정, 김현량"
장철민,張喆敏,CHULMIN JANG,음,1983-05-16,더불어민주당,대전 동구,초선,제21대,남,02-784-2187,의원회관 1009호,jcm5440@gmail.com,http://blog.naver.com/jcm5440,"정근모, 황두영","이지혜, 조영호","정용, 김연화, 이창호, 권도경, 이종서"
이용우,李龍雨,LEE YONGWOO,양,1964-02-01,더불어민주당,경기 고양시정,초선,제21대,남,02-784-8780,의원회관 313호,minjoolee2020@gmail.com,http://blog.naver.com/ywlee9501,"김성영, 이승현","박광채, 전상규","한진, 최성원, 조재성, 유신욱, 강소라"
이종성,李鍾成,LEE JONGSEONG,음,1970-02-17,국민의힘,비례대표,초선,제21대,남,"02-784-2374, 02-6788-7066",의원회관 707호,217jongseong@naver.com,http://blog.naver.com/217jongseong,"박종현, 성종호","김종길, 송효근","이상호, 최희연, 임계영, 장서윤, 한창현"
김홍걸,金弘傑,KIM HONGGUL,음,1963-11-12,무소속,비례대표,초선,제21대,남,02-784-0615,의원회관 615호,2020kimhonggul@gmail.com,http://blog.naver.com/hgkm615,"김정호, 이현주","김용성, 이진경","이승은, 이승렬, 김오현, 권예린, 하유경"
유정주,兪訂炷,YOO JUNGJU,양,1975-12-13,더불어민주당,비례대표,초선,제21대,여,02-6788-6821,의원회관 905호,junshine905@naver.com,,"정재우, 천정길","박용진, 방문주","류채화, 김단희, 김용선, 박수희, 남현욱"
조태용,趙太庸,CHO TAEYONG,음,1956-08-29,국민의힘,비례대표,초선,제21대,남,,의원회관 709호,,,"박정현, 장영일","안정민, 장혁준","한정훈, 주보라, 조하나, 오경섭, 조주령"
윤희숙,尹喜淑,YUN HEESUK,음,1970-02-07,국민의힘,서울 서초구갑,초선,제21대,여,02-784-3291,의원회관 911호,,,"권재필, 권태근","이수철, 이애선","김태우, 이주은, 우정현, 정미연"
이광재,李光宰,LEE KWANGJAE,양,1965-02-28,더불어민주당,강원 원주시갑,3선,"제17대, 제18대, 제21대",남,,의원회관 643호,,,"김민욱, 서지연","고명균, 김건우","윤무영, 임현우, 나유경, 전소희, 김가미"
김미애,金美愛,KIM MIAE,음,1969-10-06,국민의힘,부산 해운대구을,초선,제21대,여,02-784-5680,의원회관 1017호,015miae@naver.com,http://blog.naver.com/015law,"김태효, 엄보섭","신영훈, 한정훈","김경민, 김일우, 강민경, 이주영, 이명순"
한무경,韓茂景,HAN MOOKYUNG,음,1958-05-20,국민의힘,비례대표,초선,제21대,여,02-784-2844,의원회관 822호,hanmk2021@naver.com,,"이철호, 정태준","김재협, 이명용","권현정, 김준형, 권수진, 허정선, 최혜선"
이수진,李壽珍,LEE SOOJIN,음,1969-05-14,더불어민주당,비례대표,초선,제21대,여,02-784-6351,의원회관 545호,leesj545@hanmail.net,https://blog.naver.com/sjl2778,"한동균, 홍은광","김숙진, 변철환","김유나, 임동신, 김민정, 양송이"
권성동,權性東,KWEON SEONGDONG,음,1960-04-29,국민의힘,강원 강릉시,4선,"제18대, 제19대, 제20대, 제21대",남,02-784-3396~8 / 788-2469,의원회관 820호,ksdd22@naver.com,http://www.ksdd.net,"권통일, 최영철","김대식, 김한규","김린, 신윤정, 김근희, 김민식"
홍영표,洪永杓,HONG YOUNGPYO,양,1957-04-30,더불어민주당,인천 부평구을,4선,"제18대, 제19대, 제20대, 제21대",남,02-784-3143,의원회관 1004호,youngvote@hanmail.net,,"김기홍, 박성진","신성아, 임소현","김유경, 오승연, 변윤섭, 김영주, 이미현"
강득구,姜得求,KANG DEUKGU,음,1963-05-27,더불어민주당,경기 안양시만안구,초선,제21대,남,02-784-2747~9,의원회관 440호,mainsail440@daum.net,,"서용선, 안홍식","최경순, 홍미하","은수진, 최기섭, 조나연, 오세령, 배은경"
김기현,金起炫,KIM GIHYEON,음,1959-02-21,국민의힘,울산 남구을,4선,"제17대, 제18대, 제19대, 제21대",남,02-784-3874,의원회관 550호,together.eut@gmail.com,,"김용환, 최연우","양성은, 이광우","권영경, 이상찬, 김차영, 류보라, 박유진"
양금희,梁琴喜,YANG KUMHEE,양,1961-11-15,국민의힘,대구 북구갑,초선,제21대,여,02-784-7451~7453,의원회관 553호,ygoldh8999@naver.com,https://blog.naver.com/ygoldh8999,"박종욱, 이현진","김홍석, 이은정","유도영, 김균서, 양지, 권기환, 백승미"
김용판,金用判,KIM YONGPAN,양,1958-01-05,국민의힘,대구 달서구병,초선,제21대,남,02-784-9480,의원회관 633호,jebek8969@gmail.com,https://blog.naver.com/kyp8969,"김도훈, 김태하","박수철, 이기주","박병규, 위현서, 권혜진, 김정환, 최유리"
배진교,裵晋敎,BAE JINGYO,음,1968-08-26,정의당,비례대표,초선,제21대,남,02-784-3080~2,의원회관 517호,bjg517@naver.com,,"안창현, 최승원","공석환, 이연주","장용훈, 이인자, 김은승, 엄예은, 김경옥"
최연숙,崔姸淑,CHOI YOUNSUK,음,1960-07-25,국민의당,비례대표,초선,제21대,여,02-784-7810~2,의원회관 915호,cysook915@naver.com,https://blog.naver.com/cysook915,"김경순, 한민경","나종윤, 정진태","송성훈, 이은연, 김진웅, 김정윤"
김민기,金敏基,KIM MINKI,음,1966-04-28,더불어민주당,경기 용인시을,3선,"제19대, 제20대, 제21대",남,02-784-1930,의원회관 945호,kimminki@assembly.go.kr,http://blog.naver.com/kminki84,"손주연, 허준영","김완수, 박인철","황병천, 서명희, 성혜련, 이봉원, 이종혁"
윤재옥,尹在玉,YUN JAEOK,음,1961-09-10,국민의힘,대구 달서구을,3선,"제19대, 제20대, 제21대",남,02-784-4871,의원회관 710호,7882579@naver.com,,"노병근, 임준홍","권보선, 이고운","김미혜, 이주원, 이상일, 김도영, 김예인, 정의찬"
김태흠,金泰欽,KIM TAEHEUM,양,1963-01-11,국민의힘,충남 보령시서천군,3선,"제19대, 제20대, 제21대",남,02-784-4710,의원회관 407호,ktheum@hanmail.net,http://blog.naver.com/ktheum,"조중연, 허정환","신영호, 한상필","한만형, 정민규, 서진원, 한주희, 박새별"
김도읍,金度邑,KIM DOEUP,음,1964-07-06,국민의힘,부산 북구강서구을,3선,"제19대, 제20대, 제21대",남,02-784-1740,의원회관 452호,ldek3525@naver.com,http://www.김도읍.com,"이종환, 최성준","김태명, 이재경","최승한, 위서율, 김민지, 김지연, 차유진"
김원이,金元二,KIM WONI,음,1968-11-11,더불어민주당,전남 목포시,초선,제21대,남,02-784-5080~2,의원회관 923호,kimwoni923@gmail.com,http://blog.naver.com/kimwoni8182,"김동현, 오성철",조은정,"김지수, 유민석, 신수정, 백은우, 이경화"
김의겸,金宜謙,KIMEUIKYEOM,음,1963-05-22,열린민주당,비례대표,초선,제21대,남,02-784-9580~9582,의원회관 406호,kek9580@gmail.com,,"박진형, 최승섭","김봄이래, 김재훈","최재식, 조현준, 이시연, 정은솔, 박혜정"
박완주,朴完柱,PARK WANJOO,음,1966-11-10,더불어민주당,충남 천안시을,3선,"제19대, 제20대, 제21대",남,02-784-7560,의원회관 702호,lasco21@hanmail.net,http://blog.naver.com/withwanju/,"김강중, 김경희","구형서, 정지혜","황윤경, 최혜원, 남지혜, 최승연, 하우준"
이채익,李埰益,LEE CHEIK,음,1955-05-27,국민의힘,울산 남구갑,3선,"제19대, 제20대, 제21대",남,02-784-8011~3,의원회관 844호,lci8572@naver.com,http://www.이채익.com,"박성해, 박용기","김기석, 이영걸","김진수, 황진라, 김만성, 정해영, 이선호"
강은미,姜恩美,KANG EUNMI,음,1970-09-06,정의당,비례대표,초선,제21대,여,02-784-4162,의원회관 514호,em7086@gmail.com,blog.naver.com/kangem2024,"장화동, 정송도","김용재, 문정은","진은주, 임미애, 신미희, 문다빈, 이승준"
이학영,李學永,LEE HACKYOUNG,음,1952-04-16,더불어민주당,경기 군포시,3선,"제19대, 제20대, 제21대",남,02-784-8051,의원회관 331호,youngcamp1@gmail.com,http://blog.naver.com/leehackyoung,"성기황, 전재현","임소연, 허남진","박하늘, 한보란, 이현재, 윤혜영"
홍익표,洪翼杓,HONG IHKPYO,음,1967-11-20,더불어민주당,서울 중구성동구갑,3선,"제19대, 제20대, 제21대",남,02-784-6887,의원회관 839호,peace@peacehong.net,http://www.peacehong.net,"권오재, 허정무","양혜진, 원인재","신지희, 전해정, 김옥미, 최우경, 이원종"
조경태,趙慶泰,CHO KYOUNGTAE,음,1968-01-10,국민의힘,부산 사하구을,5선,"제17대, 제18대, 제19대, 제20대, 제21대",남,02-784-6380,의원회관 636호,yeskt@hanmail.net,,"성창용, 이동영","오두환, 조용택","배준성, 최호림, 박수혜, 유현호, 이지연, 정은수"
설훈,薛勳,SUL HOON,음,1953-04-23,더불어민주당,경기 부천시을,5선,"제15대, 제16대, 제19대, 제20대, 제21대",남,02-784-8570,의원회관 948호,sulhoon21@naver.com,http://www.sulhoon.com,"백황선, 이재영","김혜민, 정웅재","김대주, 박미경, 임정민, 권준홍, 한지현"
한정애,韓貞愛,HAN JEOUNGAE,양,1965-01-08,더불어민주당,서울 강서구병,3선,"제19대, 제20대, 제21대",여,02-784-3051,의원회관 639호,jeoung@gmail.com,http://www.한정애.com,"김영수, 조선옥","김영철, 김장용","강희정, 김지은, 김가은, 이은옥"
진선미,陳善美,JIN SUNMEE,음,1967-05-14,더불어민주당,서울 강동구갑,3선,"제19대, 제20대, 제21대",여,02-784-9591,의원회관 1002호,smjingogo@gmail.com,http://blog.naver.com/smjingogo,"박영선, 장동혁","배은혜, 신건호","송지은, 박준모, 박나리, 김진이, 장소영"
인재근,印在謹,IN JAEKEUN,양,1953-11-11,더불어민주당,서울 도봉구갑,3선,"제19대, 제20대, 제21대",여,02-784-8091,의원회관 806호,ijgalso@daum.net,http://www.ijk.or.kr,"임영진, 한성희","강경만, 성하림","박상근, 정지혁, 강준희, 김혜진, 이준배"
고영인,高永寅,KO YOUNGIN,음,1963-07-07,더불어민주당,경기 안산시단원구갑,초선,제21대,남,02-784-5490,의원회관 312호,goyoungin312@gmail.com,https://blog.naver.com/kyi4853,김재권,"김항기, 윤도희","조선식, 홍봉수, 서호, 박수철"
오기형,吳奇炯,OH GIHYOUNG,양,1966-11-25,더불어민주당,서울 도봉구을,초선,제21대,남,02-6788-6761,의원회관 628호,okhyung628@naver.com,http://blog.naver.com/okgihyoung,"김종석, 신동림","권태준, 홍성우","강나루, 이다영, 박대창, 유지원, 서문정"
김태년,金太年,KIM TAENYEON,음,1965-03-20,더불어민주당,경기 성남시수정구,4선,"제17대, 제19대, 제20대, 제21대",남,"02-784-4570, 031-751-4048",의원회관 504호,ktn0320@daum.net,http://www.ktn21.com,"박기일, 이창욱","강경훈, 안승태","배지은, 박은혜, 천지현, 고이화, 노주엽"
이원욱,李元旭,LEE WONWOOK,음,1963-03-20,더불어민주당,경기 화성시을,3선,"제19대, 제20대, 제21대",남,02-784-6471,의원회관 841호,ewon33@gmail.com,http://blog.naver.com/ewon33,"서선미, 최면호","김소탈, 유지홍","김영환, 남민우, 전성균, 이시은, 김혜림"
하태경,河泰慶,HA TAEKEUNG,양,1968-03-29,국민의힘,부산 해운대구갑,3선,"제19대, 제20대, 제21대",남,02-784-2491,의원회관 916호,radiohaha@naver.com,http://www.radiohaha.net,"강은규, 김태영","김성중, 윤상호","이철훈, 조혜정, 정혜영, 김수예, 김정수"
우상호,禹相虎,WOO SANGHO,음,1962-12-12,더불어민주당,서울 서대문구갑,4선,"제17대, 제19대, 제20대, 제21대",남,02-784-3071,의원회관 404호,wsh2016v@gmail.com,http://www.woosangho.com,"서용주, 이후민","송은경, 신채호","신재경, 김준모, 나서라, 안승운, 박진용"
윤후덕,尹厚德,YOON HUDUK,음,1957-01-09,더불어민주당,경기 파주시갑,3선,"제19대, 제20대, 제21대",남,02-6788-6901,의원회관 943호,yoons609@hanmail.net,http://pajulove.kr,"김영동, 윤규식","김동렬, 이승주","김미연, 김우섭, 김국희, 강지영"
박범계,朴範界,PARK BEOMKYE,음,1963-04-27,더불어민주당,대전 서구을,3선,"제19대, 제20대, 제21대",남,02-784-6960,의원회관 837호,,,"문병남, 윤종우","강래원, 이태희","정영모, 강대우, 이윤진"
황희,黃熙,HWANG HEE,음,1967-07-28,더불어민주당,서울 양천구갑,재선,"제20대, 제21대",남,02-784-8551,의원회관 838호,hwanghee6728@gmail.com,http://blog.naver.com/hwanghee67,"김진하, 이용협","나종호, 이정수","이종서, 장유리, 강조원, 김송이, 김재호"
안호영,安浩永,AN HOYOUNG,음,1965-10-11,더불어민주당,전북 완주군진안군무주군장수군,재선,"제20대, 제21대",남,02-784-9751,의원회관 1024호,ahnho065@gmail.com,http://blog.naver.com/lawanhoyoung,"김장권, 이보라","김용만, 오상윤","심부건, 강태우, 유하연, 노진실"
김성원,金成願,KIM SUNGWON,음,1973-10-15,국민의힘,경기 동두천시연천군,재선,"제20대, 제21대",남,02-784-6566,의원회관 910호,kimsw910@naver.com,http://blog.naver.com/v0413ksw,"양우식, 오남택","김준표, 박형덕","한승룡, 권영기, 김은미, 현지연, 최대호, 이미선"
이태규,李泰珪,LEE TAEKYU,음,1964-03-22,국민의당,비례대표,재선,"제20대, 제21대",남,02-784-8101,의원회관 918호,leetk918@gmail.com,http://ltk2016635.blog.me,"김진호, 배동수",박종국,"이완호, 성유진, 김현희, 이재훈, 권다희"
박주민,朴柱民,PARK JUMIN,음,1973-11-21,더불어민주당,서울 은평구갑,재선,"제20대, 제21대",남,02-784-8690,의원회관 608호,joomincenter@gmail.com,http://www.joomincenter.com,"김인아, 안진모","남혜진, 황종섭","서지원, 김영진, 최정윤, 최경은, 원은설"
강민정,姜旼姃,KANG MINJUNG,음,1961-04-26,열린민주당,비례대표,초선,제21대,여,02-784-2477,의원회관 421호,kmj2020edu@gmail.com,https://blog.naver.com/kmgedu21,"손성조, 윤호숙","김민혜, 김원석","김수안, 김성용, 민지홍, 황연미, 이태경"
박성민,朴聖敏,PARK SEONGMIN,음,1959-04-19,국민의힘,울산 중구,초선,제21대,남,02-784-1258,의원회관 1008호,psmassembly1008@gmail.com,http://blog.naver.com/usmpark ,"김종윤, 홍성범","윤정준, 임지연","안현진, 정강수, 박창주, 지은영"
김민철,金敏徹,KIM MINCHUL,양,1967-11-18,더불어민주당,경기 의정부시을,초선,제21대,남,02-784-5031,의원회관 519호,mckim6812@naver.com,https://blog.naver.com/kmc8952,"유상선, 이준","임주헌, 진동규","강재승, 신준섭, 박선영, 박종민, 김성은"
하영제,河榮帝,HA YOUNGJE,음,1954-02-25,국민의힘,경남 사천시남해군하동군,초선,제21대,남,02-784-4750,의원회관 635호,hayoungje635@naver.com,http://blog.naver.com/hayoungje635,"구재모, 김봉윤","김기남, 조용원","윤혜원, 이정남, 박주원, 이윤정, 황세진"
성일종,成一鍾,SUNG ILJONG,음,1963-03-19,국민의힘,충남 서산시태안군,재선,"제20대, 제21대",남,02-784-6290,의원회관 423호,sij5140@naver.com,https://blog.naver.com/sij5140,"김태륜, 유봉동","김길수, 박정호","김용운, 여미애, 정재도, 권용범, 하지웅"
전혜숙,全惠淑,JUN HYESOOK,음,1955-05-05,더불어민주당,서울 광진구갑,3선,"제18대, 제20대, 제21대",여,02-784-8340,의원회관 906호,jhsook7612@gmail.com,https://blog.naver.com/jhsook7612,"서정환, 신현수","최권, 한경달","박세환, 신종환, 박지은, 이연숙, 정현학"
류성걸,柳性杰,YOO SUNGKULL,음,1957-07-12,국민의힘,대구 동구갑,재선,"제19대, 제21대",남,02-784-7141,의원회관 605호,7847142@naver.com,https://blog.naver.com/sungkull,"손정갑, 황영헌","배시열, 조희창","김선기, 김정열, 이환희, 박원지"
어기구,魚基龜,EOH KIYKU,양,1963-01-10,더불어민주당,충남 당진시,재선,"제20대, 제21대",남,02-784-4360 / 041-356-2020,의원회관 632호,,https://blog.naver.com/kiyku,"구본현, 조영학","김진영, 박영화","채성우, 고은아, 박하은, 장한빛, 최명수, 권다안"
송기헌,宋基憲,SONG KIHUN,양,1963-10-02,더불어민주당,강원 원주시을,재선,"제20대, 제21대",남,02-784-6150,의원회관 535호,peacesong1@naver.com,http://www.peacesong1.blog.me,"김영호, 신수철","이진희, 홍현표","권기완, 장지은, 전찬성, 장유진, 이교희, 황예림"
김병욱,金炳旭,KIM BYUNGWOOK,양,1965-04-15,더불어민주당,경기 성남시분당구을,재선,"제20대, 제21대",남,02-784-3670,의원회관 510호,777byung@naver.com,http://blog.naver.com/777byung,"왕홍곤, 최현","김형훈, 신하영","이재윤, 김인태, 최민희, 임세훈, 최정환"
김한정,金漢正,KIM HANJUNG,음,1963-09-06,더불어민주당,경기 남양주시을,재선,"제20대, 제21대",남,02-784-0496,의원회관 631호,hanjkim631@naver.com,http://blog.naver.com/hanjungkim,"도보은, 최문희","김가람, 성정익","이경일, 김동춘, 우수연, 양명선, 김정원"
민병덕,閔炳德,MIN BYOUNGDUG,음,1970-12-20,더불어민주당,경기 안양시동안구갑,초선,제21대,남,02-784-9540,의원회관 927호,anyangmin@gmail.com,https://blog.naver.com/anyangmin,"김대경, 이재호","김병섭, 배장원","김병준, 전영규, 남상빈, 이민재, 한지영"
임이자,林利子,LIM LEEJA,음,1964-03-05,국민의힘,경북 상주시문경시 ,재선,"제20대, 제21대",여,02-784-6970,의원회관 747호,llj11@hanmail.net,http://blog.naver.com/llj11,"강병구, 김선홍","정성한, 허성은","조윤형, 김용수, 최윤호, 한별아, 김재령, 권준혁"
신동근,申東根,SHIN DONGKUN,양,1961-12-22,더불어민주당,인천 서구을,재선,"제20대, 제21대",남,"02-784-6142~4, (F)02-6788-6675",의원회관 732호,sdkwin16@gmail.com,https://blog.naver.com/skdc2875,"이상규, 홍웅표","안중근, 이현주","이영철, 김성한, 김정은, 류정민, 김승은"
이재정,李在汀,LEE JAEJUNG,음,1974-08-02,더불어민주당,경기 안양시동안구을,재선,"제20대, 제21대",여,02-784-2677,의원회관 543호,leejjlaw@gmail.com,https://blog.naver.com/leejjlaw,"김서경, 장연희","송지홍, 이재연","김수철, 고나형, 이택민, 임세훈, 임채민"
김교흥,金敎興,KIM KYOHEUNG,음,1960-08-30,더불어민주당,인천 서구갑,재선,"제17대, 제21대",남,02-784-1261 / 032-565-0806,의원회관 720호,kimkh4u@naver.com,,김병곤,"김정현, 유해용","송이, 김성주, 김동현, 박정은, 배아름"
양경숙,梁敬淑,YANG KYUNGSOOK,양,1962-09-06,더불어민주당,비례대표,초선,제21대,여,02-784-4091,의원회관 414호,kyungsook_0906@naver.com,http://blog.naver.com/jongroyang,"김상일, 이윤정","김길전, 이도희","김혜리, 박혜일, 모성현, 방준영, 이규현"
김남국,金南局,KIM NAMKUK,음,1982-10-22,더불어민주당,경기 안산시단원구을,초선,제21대,남,02-784-2455,의원회관 1011호,lawmaker0415@daum.net,,"양삼동, 장세창",,"최재영, 박승우, 윤경민, 조연우, 고민성"
추경호,秋慶鎬,CHOO KYUNGHO,음,1960-07-29,국민의힘,대구 달성군,재선,"제20대, 제21대",남,02-784-8946,의원회관 328호,khchoo@assembly.go.kr,http://blog.naver.com/khchoo1224,"한동엽, 한승수","김동규, 유성현","신연희, 안희준, 우춘화, 정일상, 김문수"
조응천,趙應天,CHO EUNGCHEON,음,1962-09-17,더불어민주당,경기 남양주시갑,재선,"제20대, 제21대",남,02-784-2717,의원회관 847호,chopros312@gmail.com,http://blog.naver.com/chopros,"조현욱, 최관욱","김은의, 민들레","정승민, 김원철, 박진수, 정서전, 정소연"
백혜련,白惠蓮,BACK HYERYUN,음,1967-02-17,더불어민주당,경기 수원시을,재선,"제20대, 제21대",여,02-784-6130,의원회관 833호,bhrassembly0217@gmail.com,100hyeryun.blog.me,"권훈, 전용두","장한별, 조용준","차광일, 전혜린, 주의현, 원서연"
김경만,金京萬,KIM KYUNGMAN,음,1962-09-23,더불어민주당,비례대표,초선,제21대,남,02-784-9820,의원회관 611호,2020kkman@gmail.com,http://blog.naver.com/2020kkman,"백종운, 오기철","이은지, 홍태식","방준화, 김채영, 이병률, 이세형, 이지연"
조승래,趙承來,JO SEOUNGLAE,양,1968-02-21,더불어민주당,대전 유성구갑,재선,"제20대, 제21대",남,02-784-2640,의원회관 940호,yuseong0413@daum.net,http://blog.naver.com/yuseong0413,"권태돈, 왕우현","장세형, 정아름, 차진영","송준영, 이정은, 우상훈, 김현중, 황창민"
정정순,鄭正淳,JEONG JEONGSOON,음,1958-01-19,더불어민주당,충북 청주시상당구,초선,제21대,남,02-784-3457,의원회관 538호,jeong5838@assembly.go.kr,http://blog.naver.com/5838jeong,"박용석, 박종천","강종성, 유재한","이상권, 천경주, 장정인, 이관호, 이선민"
민형배,閔馨培,MIN HYUNGBAE,음,1961-06-15,더불어민주당,광주 광산구을,초선,제21대,남,02-6788-6426,의원회관 534호,mhb1961@naver.com,https://blog.naver.com/gjminsim,"김지성, 이정기","박수미, 정내라","윤영일, 정호윤, 양경민, 이창우, 김단야"
강준현,康準鉉,KANG JUNHYEON,음,1964-08-19,더불어민주당,세종특별자치시을,초선,제21대,남,02-784-6950,의원회관 315호,jhkang315@gmail.com,https://blog.naver.com/withusone2020,"권민희, 최태영","박동명, 이세영","임예택, 김효숙, 홍유정, 안정균, 이수진"
윤한홍,尹漢洪,YOON HANHONG,음,1962-11-01,국민의힘,경남 창원시마산회원구,재선,"제20대, 제21대",남,02-784-2371,의원회관 823호,,http://blog.naver.com/uhh609,"남기석, 박태훈","박충원, 안규찬","이학종, 이원행, 김대원, 강선정, 정희성"
김석기,金碩基,KIM SEOKKI,음,1954-08-06,국민의힘,경북 경주시,재선,"제20대, 제21대",남,02-784-4170,의원회관 1010호,7882576kj@hanmail.net,http://blog.naver.com/podoriksk,"권형석, 이재정","김덕표, 부유민","최영목, 박치웅, 박선정, 조익성, 한규식"
이상직,李相稷,LEE SANGJIK,양,1963-01-30,무소속,전북 전주시을,재선,"제19대, 제21대",남,02-784-1781,의원회관 507호,sangjik21c@naver.com,,윤삼정,"박성웅, 백창민, 송미경","강경미, 정제일, 박선우, 서영화, 최다영"
송석준,宋錫俊,SONG SEOGJUN,음,1964-03-10,국민의힘,경기 이천시,재선,"제20대, 제21대",남,02-784-3161,의원회관 734호,ymh0792@naver.com,http://blog.naver.com/seogjuns,"류명현, 박범영","김종현, 한승주","김정규, 김지혜, 장억수, 김인환, 이주원"
강기윤,姜起潤,KANG GIYUN,음,1960-06-04,국민의힘,경남 창원시성산구,재선,"제19대, 제21대",남,02-784-1751,의원회관 937호,ggotop@naver.com,http://blog.naver.com/ggotop,"김홍광, 한영애","박응서, 최광림","김영록, 안효상, 이유진, 홍지형, 김지훈"
송옥주,宋玉珠,SONG OKJOO,양,1965-12-20,더불어민주당,경기 화성시갑,재선,"제20대, 제21대",여,02-784-9470,의원회관 319호,songok4740@naver.com,http://blog.naver.com/songok4740,"김선홍, 최동규","김원용, 이원희","김진호, 형찬우, 임선영, 윤형주, 장진아"
유동수,柳東秀,YOO DONGSOO,양,1961-09-18,더불어민주당,인천 계양구갑,재선,"제20대, 제21대",남,02-784-3543,의원회관 810호,newds61@naver.com,http://blog.naver.com/newds61,"김기석, 최창열","박종현, 손민호","최해룡, 김휘종, 나규미, 최수정, 이승민"
최혜영,崔惠英,,음,1979-06-01,더불어민주당,비례대표,초선,제21대,여,02-784-7190~2,의원회관 647호,choihy647@gmail.com,https://blog.naver.com/chy-647,"박상현, 이주영","김지연, 박소리","안지현, 신동희, 변성욱, 김지은, 노태형"
강병원,姜炳遠,KANG BYUNGWON,음,1971-07-09,더불어민주당,서울 은평구을,재선,"제20대, 제21대",남,02-784-1422,의원회관 932호,kangbw89@gmail.com,http://kangbw.co.kr,"박민우, 이여진, 장용득","김형모, 허호인","정선호, 박화준, 정수현, 박재형, 장연순"
김수흥,金洙興,KIM SOOHEUNG,음,1961-04-29,더불어민주당,전북 익산시갑,초선,제21대,남,02-6788-6221,의원회관 832호,iksan832@naver.com,,"문선희, 이정효","송병욱, 정완창","소흥수, 박경록, 주현준, 최재현, 최수경"
이주환,李周桓,LEE JOOHWAN,양,1967-08-20,국민의힘,부산 연제구,초선,제21대,남,02-784-6066,의원회관 917호,leejoohwan3@naver.com,https://blog.naver.com/leejoohwan3,"송인환, 임원식","박종명, 장영정","유기홍, 송기철, 김유진, 오희정, 박선희"
김예지,金睿智,KIM YEAJI,음,1980-12-13,국민의힘,비례대표,초선,제21대,여,02-784-9515,의원회관 601호,yeajijoy@gmail.com,,"안준상, 황동연","이지연, 정우창","박상욱, 양형규, 박신향, 김태완"
조정훈,趙廷訓,CHO JUNGHUN,음,1972-10-07,시대전환,비례대표,초선,제21대,남,02-784-2181,의원회관 544호,chojunghun544@naver.com,http://blog.naver.com/chojunghun544,"권병태, 최병현","유경선, 윤재훈","구애림, 이종학, 남가희, 김수현, 박설희, 양소희"
김병기,金炳基,KIM BYUNGKEE,음,1961-07-10,더불어민주당,서울 동작구갑,재선,"제20대, 제21대",남,02-784-1322,의원회관 721호,the.kim.weapon@gmail.com,http://blog.naver.com/kim-weapon,"김민홍, 김정겸","김상욱, 이용명","안성일, 배영규, 박푸름, 김문경, 김경희"
구자근,具滋根,KU JAKEUN,음,1967-10-09,국민의힘,경북 구미시갑,초선,제21대,남,02-784-3190,의원회관 408호,can929292@naver.com,http://blog.naver.com/can929292,"정연철, 허대윤","김일수, 정준용","강민재, 장철진, 홍기대, 변자경, 임주석"